,dataset_id,dataset_name,CellXGene portal,HCA portal,HCA + CellXGene,sex,development_stage,organs,organ_cell_count,total_cell_count,disease,publication_name / collection_name,doi_title_is_same_as_dataset_title,doi_id,doi_url,doi_title
0,aad97cb5-f375-45ef-ae9d-178e7f5d5180,Retinal ganglion cells in human retina,1,0,0,female | male,65-year-old human stage | 73-year-old human stage | 78-year-old human stage | 83-year-old human stage | 84-year-old human stage,fovea centralis | macula lutea proper | peripheral region of retina,N/A,11617,normal,Single-cell transcriptomic atlas for adult human retina,False,10.3389/fneur.2021.636330,http://dx.doi.org/10.3389/fneur.2021.636330,Intrinsically Photosensitive Retinal Ganglion Cells of the Human Retina
1,8f10185b-e0b3-46a5-8706-7f1799225d79,Bipolar cells in human retina,1,0,0,female | male,65-year-old human stage | 73-year-old human stage | 78-year-old human stage | 83-year-old human stage | 84-year-old human stage,fovea centralis | macula lutea proper | peripheral region of retina,N/A,53040,normal,Single-cell transcriptomic atlas for adult human retina,False,10.1007/bf00216969,http://dx.doi.org/10.1007/bf00216969,Simulated bipolar cells in fovea of human retina
2,359f7af4-87d4-4117-9d6c-ca4cfa1f3f0b,Amacrine cells in human retina,1,0,0,female | male,65-year-old human stage | 73-year-old human stage | 78-year-old human stage | 83-year-old human stage | 84-year-old human stage,fovea centralis | macula lutea proper | peripheral region of retina,N/A,56507,normal,Single-cell transcriptomic atlas for adult human retina,False,10.1016/0167-0115(83)90050-2,http://dx.doi.org/10.1016/0167-0115(83)90050-2,Neurotensin-immunoreactive amacrine cells in human retina
3,00e5dedd-b9b7-43be-8c28-b0e5c6414a62,Photoreceptor cells in human retina (rod cells downsampled),1,0,0,female | male,65-year-old human stage | 73-year-old human stage | 78-year-old human stage | 83-year-old human stage | 84-year-old human stage,fovea centralis | macula lutea proper | peripheral region of retina,N/A,21422,normal,Single-cell transcriptomic atlas for adult human retina,False,10.1016/0014-5793(87)81144-4,http://dx.doi.org/10.1016/0014-5793(87)81144-4,Light-stimulated protein movement in rod photoreceptor cells of the rat retina
4,11ef37ee-2173-458e-aab8-7fe35da8e47b,Horizontal cells in human retina,1,0,0,female | male,65-year-old human stage | 73-year-old human stage | 78-year-old human stage | 83-year-old human stage | 84-year-old human stage,fovea centralis | macula lutea proper | peripheral region of retina,N/A,7348,normal,Single-cell transcriptomic atlas for adult human retina,False,10.1016/b978-0-12-809324-5.01402-4,http://dx.doi.org/10.1016/b978-0-12-809324-5.01402-4,Retina: Information Processing: Horizontal Cells☆
5,ed419b4e-db9b-40f1-8593-68fdf8dfb076,Non-neuronal cells in human retina,1,0,0,female | male,65-year-old human stage | 73-year-old human stage | 78-year-old human stage | 83-year-old human stage | 84-year-old human stage,fovea centralis | macula lutea proper | peripheral region of retina,N/A,18011,normal,Single-cell transcriptomic atlas for adult human retina,False,10.1159/000112659,http://dx.doi.org/10.1159/000112659,Purification and Cytochemical Identification of Neuronal and Non-Neuronal Cells in Chick Embryo Retina Cultures
6,53d208b0-2cfd-4366-9866-c3c6114081bc,Tabula Sapiens - All Cells,1,0,0,female | male,22-year-old human stage | 33-year-old human stage | 37-year-old human stage | 38-year-old human stage | 40-year-old human stage | 42-year-old human stage | 46-year-old human stage | 56-year-old human stage | 57-year-old human stage | 59-year-old human stage | 61-year-old human stage | 67-year-old human stage | 69-year-old human stage | 74-year-old human stage,adipose tissue | bladder organ | blood | bone marrow | eye | heart | kidney | large intestine | liver | lung | lymph node | mammary gland | muscle tissue | pancreas | prostate gland | saliva-secreting gland | skin of body | small intestine | spleen | thymus | tongue | trachea | uterus | vasculature,N/A,481120,normal,Tabula Sapiens,False,10.1002/ajmg.a.61700,http://dx.doi.org/10.1002/ajmg.a.61700,Tabula Sapiens: An Atlas of Single‐Cell Gene Expression
7,dd018fc0-8da7-4033-a2ba-6b47de8ebb4f,Single cell analysis of mouse and human prostate reveals novel fibroblasts with specialized distribution and microenvironment interactions - Human Epithelial Cells,1,0,0,male,29-year-old human stage | 31-year-old human stage | 67-year-old human stage | 71-year-old human stage | 72-year-old human stage | 73-year-old human stage | 74-year-old human stage | 81-year-old human stage,peripheral zone of prostate | transition zone of prostate,N/A,42127,benign prostatic hyperplasia | normal,Single cell analysis of mouse and human prostate reveals novel fibroblasts with specialized distribution and microenvironment interactions,False,10.1002/path.5751,http://dx.doi.org/10.1002/path.5751,Single‐cell analysis of mouse and human prostate reveals novel fibroblasts with specialized distribution and microenvironment interactions
8,df287f8d-f50d-4620-ab96-489d559e6adc,Urethral luminal epithelia are castration-insensitive cells of the proximal prostate - Human Fibromuscular Stromal Cells,1,0,0,male,29-year-old human stage | 31-year-old human stage | 57-year-old human stage | 72-year-old human stage | 74-year-old human stage,peripheral zone of prostate | transition zone of prostate,N/A,1295,benign prostatic hyperplasia | normal,Urethral luminal epithelia are castration-insensitive cells of the proximal prostate,False,10.1002/pros.24020,http://dx.doi.org/10.1002/pros.24020,Urethral luminal epithelia are castration‐insensitive cells of the proximal prostate
9,e2a3c32d-71e2-4f38-b19c-dfcb8729cf46,A Cellular Anatomy of the Normal Adult Human Prostate and Prostatic Urethra - Human Epithelial Cells,1,1,1,male,29-year-old human stage | 31-year-old human stage,peripheral zone of prostate | transition zone of prostate,N/A,24544,normal,A Cellular Anatomy of the Normal Adult Human Prostate and Prostatic Urethra,False,10.1016/j.celrep.2018.11.086,http://dx.doi.org/10.1016/j.celrep.2018.11.086,A Cellular Anatomy of the Normal Adult Human Prostate and Prostatic Urethra
10,66d15835-5dc8-4e96-b0eb-f48971cb65e8,Single cell transcriptome analysis of human pancreas reveals transcriptional signatures of aging and somatic mutation patterns,1,1,1,female | male | unknown,1-month-old human stage | 21-year-old human stage | 22-year-old human stage | 38-year-old human stage | 44-year-old human stage | 5-year-old human stage | 54-year-old human stage | 6-year-old human stage | unknown,pancreas,N/A,2541,normal,Single-Cell Analysis of Human Pancreas Reveals Transcriptional Signatures of Aging and Somatic Mutation Patterns,False,10.1016/j.cell.2017.09.004,http://dx.doi.org/10.1016/j.cell.2017.09.004,Single-Cell Analysis of Human Pancreas Reveals Transcriptional Signatures of Aging and Somatic Mutation Patterns
11,85c60876-7f35-40c5-a256-7808d84c6ba5,Single-soma transcriptomics of tangle-bearing neurons in Alzheimer’s disease - Excitatory,1,0,0,female | male,57-year-old human stage | 61-year-old human stage | 62-year-old human stage | 66-year-old human stage | 67-year-old human stage | 68-year-old human stage | 71-year-old human stage | 72-year-old human stage | 73-year-old human stage | 79-year-old human stage | 80 year-old and over human stage | 81-year-old human stage | 87-year-old human stage | 89-year-old human stage,prefrontal cortex,N/A,96129,Alzheimer disease | normal,Single-soma transcriptomics of tangle-bearing neurons in Alzheimer’s disease,False,10.1101/2020.05.11.088591,http://dx.doi.org/10.1101/2020.05.11.088591,Single-soma transcriptomics of tangle-bearing neurons in Alzheimer’s disease reveals the signatures of tau-associated synaptic dysfunction
12,f72958f5-7f42-4ebb-98da-445b0c6de516,Azimuth meta-analysis of 10 datasets of healthy and diseased human lung,1,0,0,female | male | unknown,17-year-old human stage | 18-year-old human stage | 20-year-old human stage | 21-year-old human stage | 22-year-old human stage | 23-year-old human stage | 24-year-old human stage | 25-year-old human stage | 26-year-old human stage | 27-year-old human stage | 29-year-old human stage | 30-year-old human stage | 31-year-old human stage | 32-year-old human stage | 33-year-old human stage | 35-year-old human stage | 36-year-old human stage | 37-year-old human stage | 38-year-old human stage | 39-year-old human stage | 40-year-old human stage | 41-year-old human stage | 44-year-old human stage | 45-year-old human stage | 46-year-old human stage | 47-year-old human stage | 48-year-old human stage | 49-year-old human stage | 50-year-old human stage | 51-year-old human stage | 52-year-old human stage | 53-year-old human stage | 54-year-old human stage | 55-year-old human stage | 56-year-old human stage | 57-year-old human stage | 58-year-old human stage | 59-year-old human stage | 60-year-old human stage | 61-year-old human stage | 62-year-old human stage | 63-year-old human stage | 64-year-old human stage | 65-79 year-old human stage | 65-year-old human stage | 66-year-old human stage | 67-year-old human stage | 68-year-old human stage | 69-year-old human stage | 70-year-old human stage | 71-year-old human stage | 72-year-old human stage | 73-year-old human stage | 74-year-old human stage | 75-year-old human stage | 76-year-old human stage | 78-year-old human stage | 79-year-old human stage | 80 year-old and over human stage | 80-year-old human stage | 81-year-old human stage | eighth decade human stage | fifth decade human stage | fourth decade human stage | human middle aged stage | seventh decade human stage | sixth decade human stage | unknown,blood | bronchoalveolar duct junction | bronchus | lung | respiratory tract epithelium,N/A,982538,COVID-19 | chronic obstructive pulmonary disease | hypersensitivity pneumonitis | idiopathic pulmonary fibrosis | interstitial lung disease | non-specific interstitial pneumonia | normal | sarcoidosis,Azimuth meta-analysis of human scRNA-seq datasets,False,10.5320/wjr.v7.i2.39,http://dx.doi.org/10.5320/wjr.v7.i2.39,Lung microbiome in healthy and diseased individuals
13,42b6a476-c51d-4f8b-b68b-44941b3a11bf,scRNA-seq data analysis of endothelium-enriched mesenteric arterial tissues from human donors,1,0,0,female | male,28-year-old human stage | 42-year-old human stage | 46-year-old human stage | 59-year-old human stage,mesenteric artery,N/A,11243,normal | type 2 diabetes mellitus,Stress-induced RNA–chromatin interactions promote endothelial dysfunction,False,10.1101/2020.10.05.314039,http://dx.doi.org/10.1101/2020.10.05.314039,Fast and interpretable scRNA-seq data analysis
14,b07e5164-baf6-43d2-bdba-5a249d0da879,A Single-Cell Transcriptome Atlas of the Human Pancreas,1,0,0,female | male,23-year-old human stage | 48-year-old human stage | 54-year-old human stage | 59-year-old human stage,pancreas,N/A,2126,normal,Muraro Pancreas,True,10.1016/j.cels.2016.09.002,http://dx.doi.org/10.1016/j.cels.2016.09.002,A Single-Cell Transcriptome Atlas of the Human Pancreas
15,9dbab10c-118d-496b-966a-67f1763a6b7d,Large-scale single-cell analysis reveals critical immune characteristics of COVID-19 patients,1,0,0,female | male | unknown,15-year-old human stage | 16-year-old human stage | 19-year-old human stage | 20-year-old human stage | 25-year-old human stage | 26-year-old human stage | 27-year-old human stage | 28-year-old human stage | 29-year-old human stage | 30-year-old human stage | 31-year-old human stage | 32-year-old human stage | 33-year-old human stage | 34-year-old human stage | 35-year-old human stage | 36-year-old human stage | 37-year-old human stage | 38-year-old human stage | 39-year-old human stage | 40-year-old human stage | 41-year-old human stage | 42-year-old human stage | 43-year-old human stage | 44-year-old human stage | 45-year-old human stage | 46-year-old human stage | 47-year-old human stage | 48-year-old human stage | 49-year-old human stage | 50-year-old human stage | 51-year-old human stage | 52-year-old human stage | 53-year-old human stage | 54-year-old human stage | 55-year-old human stage | 56-year-old human stage | 57-year-old human stage | 58-year-old human stage | 59-year-old human stage | 6-year-old human stage | 60-year-old human stage | 61-year-old human stage | 62-year-old human stage | 63-year-old human stage | 65-year-old human stage | 66-year-old human stage | 67-year-old human stage | 69-year-old human stage | 70-year-old human stage | 71-year-old human stage | 72-year-old human stage | 73-year-old human stage | 74-year-old human stage | 76-year-old human stage | 77-year-old human stage | 78-year-old human stage | 79-year-old human stage | 8-year-old human stage | 80 year-old and over human stage | 80-year-old human stage | 81-year-old human stage | 82-year-old human stage | 83-year-old human stage | 84-year-old human stage | unknown,blood | lung | saliva,N/A,1462702,COVID-19 | normal,COVID-19 immune features revealed by a large-scale single-cell transcriptome atlas,True,10.1101/2020.10.29.360479,http://dx.doi.org/10.1101/2020.10.29.360479,Large-scale single-cell analysis reveals critical immune characteristics of COVID-19 patients
16,077b0429-0f47-48e0-879a-39eaae531d42,Direct Exposure to SARS-CoV-2 and Cigarette Smoke Increases Infection Severity and Alters the Stem Cell-Derived Airway Repair Response,1,1,1,unknown,human adult stage,lung epithelium,N/A,19361,normal,Direct Exposure to SARS-CoV-2 and Cigarette Smoke Increases Infection Severity and Alters the Stem Cell-Derived Airway Repair Response,True,10.1016/j.stem.2020.11.010,http://dx.doi.org/10.1016/j.stem.2020.11.010,Direct Exposure to SARS-CoV-2 and Cigarette Smoke Increases Infection Severity and Alters the Stem Cell-Derived Airway Repair Response
17,de985818-285f-4f59-9dbd-d74968fddba3,A single-cell atlas of the healthy breast tissues reveals clinically relevant clusters of breast epithelial cells,1,1,1,female,21-year-old human stage | 35-year-old human stage | 42-year-old human stage | 43-year-old human stage | 44-year-old human stage | 60-year-old human stage | human adult stage,upper outer quadrant of breast,N/A,31696,normal,A single-cell atlas of the healthy breast tissues reveals clinically relevant clusters of breast epithelial cells,True,10.1016/j.xcrm.2021.100219,http://dx.doi.org/10.1016/j.xcrm.2021.100219,A single-cell atlas of the healthy breast tissues reveals clinically relevant clusters of breast epithelial cells
18,1009f384-b12d-448e-ba9f-1b7d2ecfbb4e,Neuronal — Cells of the adult human heart,1,0,0,female | male,eighth decade human stage | fifth decade human stage | human late adulthood stage | human middle aged stage | seventh decade human stage | sixth decade human stage,apex of heart | heart left ventricle | heart right ventricle | interventricular septum | left cardiac atrium | right cardiac atrium,N/A,3961,normal,Cells of the adult human heart,False,10.1038/s41586-020-2797-4,http://dx.doi.org/10.1038/s41586-020-2797-4,Cells of the adult human heart
19,78fd69d2-75e4-4207-819a-563139f273c6,Ventricular cardiomyocytes — Cells of the adult human heart,1,0,0,female | male,eighth decade human stage | fifth decade human stage | human late adulthood stage | human middle aged stage | seventh decade human stage | sixth decade human stage,apex of heart | heart left ventricle | heart right ventricle | interventricular septum,N/A,125289,normal,Cells of the adult human heart,False,10.1016/j.yjmcc.2005.03.003,http://dx.doi.org/10.1016/j.yjmcc.2005.03.003,Novel cell lines derived from adult human ventricular cardiomyocytes
20,84f1a631-910b-4fbb-9f76-d915a07316d2,Atrial cardiomyocytes — Cells of the adult human heart,1,0,0,female | male,eighth decade human stage | fifth decade human stage | human late adulthood stage | human middle aged stage | seventh decade human stage | sixth decade human stage,left cardiac atrium | right cardiac atrium,N/A,23483,normal,Cells of the adult human heart,False,10.1136/bmj.329.7469.760-c,http://dx.doi.org/10.1136/bmj.329.7469.760-c,Cardiomyocytes from human stem cells restore heart rhythm
21,cfa3c355-ee77-4fc8-9a00-78e61d23024c,A Single-Cell Transcriptional Roadmap of the Mouse and Human Lymph Node Lymphatic Vasculature - human,1,0,0,male,human adult stage,cervical lymph node,N/A,4355,normal,A single-cell transcriptional roadmap of the mouse and human lymph node lymphatic vasculature,False,10.1096/fasebj.2021.35.s1.04027,http://dx.doi.org/10.1096/fasebj.2021.35.s1.04027,A Single‐Cell Transcriptional Roadmap of the Mouse and Human Lymph Node Lymphatic Vasculature
22,30cd5311-6c09-46c9-94f1-71fe4b91813c,Time-resolved Systems Immunology Reveals a Late Juncture Linked to Fatal COVID-19: Innate Cells,1,0,0,female | male,24-year-old human stage | 30-year-old human stage | 32-year-old human stage | 35-year-old human stage | 37-year-old human stage | 40-year-old human stage | 45-year-old human stage | 47-year-old human stage | 49-year-old human stage | 50-year-old human stage | 51-year-old human stage | 52-year-old human stage | 53-year-old human stage | 54-year-old human stage | 55-year-old human stage | 57-year-old human stage | 58-year-old human stage | 59-year-old human stage | 60-year-old human stage | 61-year-old human stage | 63-year-old human stage | 66-year-old human stage | 67-year-old human stage | 70-year-old human stage | 71-year-old human stage | 73-year-old human stage | 74-year-old human stage | 76-year-old human stage | 77-year-old human stage | 78-year-old human stage | 79-year-old human stage | 84-year-old human stage,blood,N/A,125117,COVID-19 | normal,Time-resolved Systems Immunology Reveals a Late Juncture Linked to Fatal COVID-19,False,10.1016/j.cell.2021.02.018,http://dx.doi.org/10.1016/j.cell.2021.02.018,Time-resolved systems immunology reveals a late juncture linked to fatal COVID-19
23,3de0ad6d-4378-4f62-b37b-ec0b75a50d94,Single-cell multiomic profiling of human lungs across age groups,1,0,0,female | male,3-year-old human stage | 31-year-old human stage | 31st week post-fertilization human stage,lung,N/A,46500,normal,LungMAP — Human data from a broad age healthy donor group,False,10.7554/elife.62522,http://dx.doi.org/10.7554/elife.62522,Single-cell multiomic profiling of human lungs reveals cell-type-specific and age-dynamic control of SARS-CoV2 host genes
24,e006d4e3-35fa-44b4-9981-09a66c4322e5,Spatiotemporal analysis of human intestinal development at single-cell resolution: Muscularis,1,0,0,unknown,fetal stage,intestine,N/A,4211,normal,Spatiotemporal analysis of human intestinal development at single-cell resolution,False,10.1016/j.cell.2020.12.016,http://dx.doi.org/10.1016/j.cell.2020.12.016,Spatiotemporal analysis of human intestinal development at single-cell resolution
25,37b21763-7f0f-41ae-9001-60bad6e2841d,Multiomics single-cell analysis of human pancreatic islets reveals novel cellular states in health and type 1 diabetes,1,0,0,unknown,human adult stage,islet of Langerhans,N/A,69645,normal | type 1 diabetes mellitus,Multiomics single-cell analysis of human pancreatic islets reveals novel cellular states in health and type 1 diabetes,True,10.1101/2021.01.28.428598,http://dx.doi.org/10.1101/2021.01.28.428598,Multiomics single-cell analysis of human pancreatic islets reveals novel cellular states in health and type 1 diabetes
26,01209dce-3575-4bed-b1df-129f57fbc031,Single-cell transcriptomics of human T cells reveals tissue and activation signatures in health and disease,1,0,0,male,52-year-old human stage | 65-year-old human stage | unknown,blood | bone marrow | lung | lymph node,N/A,51876,normal,Single-cell transcriptomics of human T cells reveals tissue and activation signatures in health and disease,True,10.1038/s41467-019-12464-3,http://dx.doi.org/10.1038/s41467-019-12464-3,Single-cell transcriptomics of human T cells reveals tissue and activation signatures in health and disease
27,f7c1c579-2dc0-47e2-ba19-8165c5a0e353,Survey of human embryonic development,1,0,0,female | male,10th week post-fertilization human stage | 12th week post-fertilization human stage | 13th week post-fertilization human stage | 14th week post-fertilization human stage | 15th week post-fertilization human stage | 16th week post-fertilization human stage | 17th week post-fertilization human stage | 18th week post-fertilization human stage,adrenal gland | cerebellum | eye | heart | intestine | kidney | liver | lung | muscle organ | pancreas | placenta | spleen | stomach | telencephalon | thymus,N/A,4062980,normal | trisomy 18,A human cell atlas of fetal gene expression,False,10.1126/science.365.6451.337-b,http://dx.doi.org/10.1126/science.365.6451.337-b,Epigenetics of human embryonic development
28,fa27492b-82ff-4ab7-ac61-0e2b184eee67,Survey of human embryonic development (1 million cells subset),1,0,0,female | male,10th week post-fertilization human stage | 12th week post-fertilization human stage | 13th week post-fertilization human stage | 14th week post-fertilization human stage | 15th week post-fertilization human stage | 16th week post-fertilization human stage | 17th week post-fertilization human stage | 18th week post-fertilization human stage,adrenal gland | cerebellum | eye | heart | intestine | kidney | liver | lung | muscle organ | pancreas | placenta | spleen | stomach | telencephalon | thymus,N/A,1001288,normal | trisomy 18,A human cell atlas of fetal gene expression,False,10.1038/stemcells.2007.35,http://dx.doi.org/10.1038/stemcells.2007.35,California awards $50 million for labs culturing human embryonic stem cells
29,59b69042-47c2-47fd-ad03-d21beb99818f,Individual Single-Cell RNA-seq PBMC Data from Arunachalam et al.,1,0,0,female | male,38-year-old human stage | 47-year-old human stage | 48-year-old human stage | 53-year-old human stage | 59-year-old human stage | 60-year-old human stage | 68-year-old human stage | 70-year-old human stage | 75-year-old human stage | 80 year-old and over human stage | 84-year-old human stage,blood,N/A,49139,COVID-19 | normal,A Web Portal and Workbench for Biological Dissection of Single Cell COVID-19 Host Responses,False,10.1101/2021.05.10.443350,http://dx.doi.org/10.1101/2021.05.10.443350,Individual Level Differential Expression Analysis for Single Cell RNA-seq data
30,96a3f64b-0ee9-40d8-91e9-813ce38261c9,COVID-19 Immune Altas: Integration of 5 public COVID-19 PBMC single-cell datasets,1,0,0,female | male | unknown,36-year-old human stage | 37-year-old human stage | 38-year-old human stage | 39-year-old human stage | 46-year-old human stage | 47-year-old human stage | 48-year-old human stage | 49-year-old human stage | 53-year-old human stage | 54-year-old human stage | 59-year-old human stage | 60-year-old human stage | 61-year-old human stage | 62-year-old human stage | 63-year-old human stage | 65-79 year-old human stage | 67-year-old human stage | 68-year-old human stage | 70-year-old human stage | 73-year-old human stage | 75-year-old human stage | 78-year-old human stage | 80 year-old and over human stage | 82-year-old human stage | 84-year-old human stage | eighth decade human stage | fifth decade human stage | fourth decade human stage | human adult stage | human aged stage | human early adulthood stage | human middle aged stage | seventh decade human stage | sixth decade human stage | third decade human stage | unknown,blood,N/A,239696,COVID-19 | normal,A Web Portal and Workbench for Biological Dissection of Single Cell COVID-19 Host Responses,False,10.1055/a-1229-5048,http://dx.doi.org/10.1055/a-1229-5048,COVID-19 COVID-19 COVID-19 COVID-19 COVID-19 COVID-19
31,bc2a7b3d-f04e-477e-96c9-9d5367d5425c,T Cell and NK Cell Subtypes of COVID-19 Immune Altas: Integration of 5 public COVID-19 PBMC single-cell datasets,1,0,0,female | male | unknown,36-year-old human stage | 37-year-old human stage | 38-year-old human stage | 39-year-old human stage | 46-year-old human stage | 47-year-old human stage | 48-year-old human stage | 49-year-old human stage | 53-year-old human stage | 54-year-old human stage | 59-year-old human stage | 60-year-old human stage | 61-year-old human stage | 62-year-old human stage | 63-year-old human stage | 65-79 year-old human stage | 67-year-old human stage | 68-year-old human stage | 70-year-old human stage | 73-year-old human stage | 75-year-old human stage | 78-year-old human stage | 80 year-old and over human stage | 82-year-old human stage | 84-year-old human stage | eighth decade human stage | fifth decade human stage | fourth decade human stage | human aged stage | human early adulthood stage | human middle aged stage | seventh decade human stage | sixth decade human stage | third decade human stage | unknown,blood,N/A,109995,COVID-19 | normal,A Web Portal and Workbench for Biological Dissection of Single Cell COVID-19 Host Responses,False,10.3389/fphar.2020.01309,http://dx.doi.org/10.3389/fphar.2020.01309,Harnessing Memory NK Cell to Protect Against COVID-19
32,d9b4bc69-ed90-4f5f-99b2-61b0681ba436,B Cell/Plasmablast Sub_clusters of COVID-19 Immune Altas: Integration of 5 public COVID-19 PBMC single-cell datasets,1,0,0,female | male | unknown,36-year-old human stage | 37-year-old human stage | 38-year-old human stage | 39-year-old human stage | 46-year-old human stage | 47-year-old human stage | 48-year-old human stage | 49-year-old human stage | 53-year-old human stage | 54-year-old human stage | 59-year-old human stage | 60-year-old human stage | 61-year-old human stage | 62-year-old human stage | 63-year-old human stage | 65-79 year-old human stage | 67-year-old human stage | 68-year-old human stage | 70-year-old human stage | 73-year-old human stage | 75-year-old human stage | 78-year-old human stage | 80 year-old and over human stage | 82-year-old human stage | 84-year-old human stage | eighth decade human stage | fifth decade human stage | fourth decade human stage | human adult stage | human aged stage | human early adulthood stage | human middle aged stage | seventh decade human stage | sixth decade human stage | third decade human stage | unknown,blood,N/A,20000,COVID-19 | normal,A Web Portal and Workbench for Biological Dissection of Single Cell COVID-19 Host Responses,False,10.1038/s41392-021-00526-2,http://dx.doi.org/10.1038/s41392-021-00526-2,Dynamic blood single-cell immune responses in patients with COVID-19
33,db0752b9-f20e-40b8-8997-992f3ae0bb2e,Classical Monocyte sub_clusters of COVID-19 Immune Altas: Integration of 5 public COVID-19 PBMC single-cell datasets,1,0,0,female | male | unknown,36-year-old human stage | 37-year-old human stage | 38-year-old human stage | 39-year-old human stage | 46-year-old human stage | 47-year-old human stage | 48-year-old human stage | 49-year-old human stage | 53-year-old human stage | 54-year-old human stage | 59-year-old human stage | 60-year-old human stage | 61-year-old human stage | 62-year-old human stage | 63-year-old human stage | 65-79 year-old human stage | 67-year-old human stage | 68-year-old human stage | 70-year-old human stage | 73-year-old human stage | 75-year-old human stage | 78-year-old human stage | 80 year-old and over human stage | 82-year-old human stage | 84-year-old human stage | eighth decade human stage | fifth decade human stage | fourth decade human stage | human adult stage | human aged stage | human early adulthood stage | human middle aged stage | seventh decade human stage | sixth decade human stage | third decade human stage | unknown,blood,N/A,55348,COVID-19 | normal,A Web Portal and Workbench for Biological Dissection of Single Cell COVID-19 Host Responses,False,10.1038/s41591-020-01159-8,http://dx.doi.org/10.1038/s41591-020-01159-8,COVID-19 clusters
34,13a027de-ea3e-432b-9a5e-6bc7048498fc,Single cell transcriptional and chromatin accessibility profiling redefine cellular heterogeneity in the adult human kidney - ATACseq,1,0,0,female | male,50-year-old human stage | 52-year-old human stage | 54-year-old human stage | 61-year-old human stage | 62-year-old human stage,cortex of kidney,N/A,27034,normal,Single cell transcriptional and chromatin accessibility profiling redefine cellular heterogeneity in the adult human kidney,False,10.1101/2020.06.14.151167,http://dx.doi.org/10.1101/2020.06.14.151167,Single cell transcriptional and chromatin accessibility profiling redefine cellular heterogeneity in the adult human kidney
35,456e8b9b-f872-488b-871d-94534090a865,Single-cell atlas of peripheral immune response to SARS-CoV-2 infection,1,0,0,female | male,36-year-old human stage | 37-year-old human stage | 48-year-old human stage | 49-year-old human stage | 80 year-old and over human stage | fifth decade human stage | fourth decade human stage | human early adulthood stage | seventh decade human stage | sixth decade human stage,blood,N/A,44721,COVID-19 | normal,Single-cell atlas of peripheral immune response to SARS-CoV-2 infection,False,10.47191/ijcsrr/v3-i10-03,http://dx.doi.org/10.47191/ijcsrr/v3-i10-03,Immune Response to SARS-CoV-2 Infection
36,2adb1f8a-a6b1-4909-8ee8-484814e2d4bf,Construction of a human cell landscape at single-cell level,1,0,0,female | male | unknown,10th week post-fertilization human stage | 11th week post-fertilization human stage | 12th week post-fertilization human stage | 13th week post-fertilization human stage | 14th week post-fertilization human stage | 21-year-old human stage | 23-year-old human stage | 25-year-old human stage | 26th week post-fertilization human stage | 27-year-old human stage | 30-year-old human stage | 32-year-old human stage | 34-year-old human stage | 36-year-old human stage | 41-year-old human stage | 43-year-old human stage | 45-year-old human stage | 46-year-old human stage | 47-year-old human stage | 49-year-old human stage | 51-year-old human stage | 52-year-old human stage | 55-year-old human stage | 56-year-old human stage | 57-year-old human stage | 58-year-old human stage | 59-year-old human stage | 60-year-old human stage | 61-year-old human stage | 62-year-old human stage | 63-year-old human stage | 64-year-old human stage | 66-year-old human stage | 83-year-old human stage | embryonic human stage | newborn human stage | unknown,adipose tissue | adrenal gland | artery | ascending colon | bladder organ | blood | bone marrow | brain | cerebellum | chorionic villus | duodenum | embryonic stem cell (cell culture) | esophagus | eye | fallopian tube | gall bladder | heart | ileum | intestine | jejunum | kidney | liver | lung | muscle organ | omentum | ovary | pancreas | placenta | pleura | prostate gland | rectum | rib | sigmoid colon | skin of body | spinal cord | spleen | stomach | temporal lobe | testis | thymus | thyroid gland | trachea | transverse colon | umbilical cord blood | ureter | uterine cervix | uterus | vault of skull | vermiform appendix,N/A,599926,normal,Construction of a human cell landscape at single-cell level,True,10.1038/s41586-020-2157-4,http://dx.doi.org/10.1038/s41586-020-2157-4,Construction of a human cell landscape at single-cell level
37,e04daea4-4412-45b5-989e-76a9be070a89,"Krasnow Lab Human Lung Cell Atlas, Smart-seq2",1,0,0,female | male,46-year-old human stage | 51-year-old human stage | 75-year-old human stage,blood | lung,N/A,9409,normal,A molecular cell atlas of the human lung from single cell RNA sequencing,False,10.17504/protocols.io.bnzsmf6e,http://dx.doi.org/10.17504/protocols.io.bnzsmf6e,In-house automated Smart-Seq2 v1
38,8c42cfd0-0b0a-46d5-910c-fc833d83c45e,"Krasnow Lab Human Lung Cell Atlas, 10X",1,0,0,female | male,46-year-old human stage | 51-year-old human stage | 75-year-old human stage,blood | lung,N/A,65662,normal,A molecular cell atlas of the human lung from single cell RNA sequencing,False,10.1089/clinomi.04.06.28,http://dx.doi.org/10.1089/clinomi.04.06.28,"10x Genomics, Human Cell Atlas Project Partner to Provide Single Cell Profiling Tool"
39,030faa69-ff79-4d85-8630-7c874a114c19,Single-cell longitudinal analysis of SARS-CoV-2 infection in human bronchial epithelial cells,1,0,0,unknown,unknown,bronchial epithelial cell (cell culture),N/A,77650,COVID-19 | normal,Single-cell longitudinal analysis of SARS-CoV-2 infection in human bronchial epithelial cells,True,10.1242/prelights.20637,http://dx.doi.org/10.1242/prelights.20637,Single-cell longitudinal analysis of SARS-CoV-2 infection in human bronchial epithelial cells
40,4b9e0a15-c006-45d9-860f-b8a43ccf7d9d,Single-cell gene expression profiling of SARS-CoV-2 infected human cell lines - Calu-3,1,0,0,male,unknown,epithelial cell of lung (cell culture),N/A,48890,COVID-19 | normal | severe acute respiratory syndrome,Single-cell gene expression profiling of SARS-CoV-2 infected human cell lines,False,10.1101/2020.05.05.079194,http://dx.doi.org/10.1101/2020.05.05.079194,Bulk and single-cell gene expression profiling of SARS-CoV-2 infected human cell lines identifies molecular targets for therapeutic intervention
41,108c2b65-4ea9-4792-8b5b-451842faf35b,Massively multiplex chemical transcriptomics at single-cell resolution - A549,1,0,0,male,unknown,epithelial cell of alveolus of lung (cell culture),N/A,143015,normal,Massively multiplex chemical transcriptomics at single-cell resolution,False,10.1126/science.aax6234,http://dx.doi.org/10.1126/science.aax6234,Massively multiplex chemical transcriptomics at single-cell resolution
42,f83165c5-e2ea-4d15-a5cf-33f3550bffde,Reconstructing the human first trimester fetal-maternal interface using single cell transcriptomics,0,1,0,female | male | unknown,10th week post-fertilization human stage | Carnegie stage 14 | Carnegie stage 18 | Carnegie stage 22 | Carnegie stage 23 | human adult stage,blood | decidua | placenta,"[{'blood': None}, {'decidua': None}, {'placenta': None}]",N/A,normal | orofaciodigital syndrome VIII,N/A,True,10.1126/science.aba7721,http://dx.doi.org/10.1126/science.aba7721,A human cell atlas of fetal gene expression
43,248fcf03-16c6-4a41-b6cc-aad4d894ca42,Oleic acid restores suppressive defects in tissue-resident FOXP3 Tregs from patients with multiple sclerosis',0,1,0,female | male | unknown,human adult stage,adipose tissue | blood,"[{'adipose tissue': None}, {'blood': None}]",N/A,multiple sclerosis | normal,Oleic acid restores suppressive defects in tissue-resident FOXP3 Tregs from patients with multiple sclerosis.,True,10.1126/science.aba7721,http://dx.doi.org/10.1126/science.aba7721,A human cell atlas of fetal gene expression
44,2043c65a-1cf8-4828-a656-9e247d4e64f1,Single-cell RNA-seq analysis  throughout a 125-day differentiation protocol that converted H1 human embryonic stem cells to a variety of ventrally-derived cell types.,0,1,0,male,human embryonic stage,brain,[{'brain': None}],N/A,normal,Single-Cell Profiling of an In Vitro Model of Human Interneuron Development Reveals Temporal Dynamics of Cell Type Production and Maturation.,True,10.1126/science.aba7721,http://dx.doi.org/10.1126/science.aba7721,A human cell atlas of fetal gene expression
45,83f5188e-3bf7-4956-9544-cea4f8997756,Distinct microbial and immune niches of the human colon,0,1,0,female | male,human adult stage,large intestine | immune organ,"[{'large intestine': 1141}, {'immune organ': 381}]",1522,normal,Distinct microbial and immune niches of the human colon,True,10.1126/science.aba7721,http://dx.doi.org/10.1126/science.aba7721,A human cell atlas of fetal gene expression
46,23587fb3-1a4a-4f58-ad74-cc9a4cb4c254,Single cell analysis of human fetal liver captures the transcriptional profile of hepatobiliary hybrid progenitors,0,1,0,male | unknown,6-12 year old child stage | fetal stage | human adult stage,liver,[{'liver': 1475}],1475,normal,Single cell analysis of human foetal liver captures the transcriptional profile of hepatobiliary hybrid progenitors,True,10.1126/science.aba7721,http://dx.doi.org/10.1126/science.aba7721,A human cell atlas of fetal gene expression
47,60ea42e1-af49-42f5-8164-d641fdb696bc,A Protocol for Revealing Oral Neutrophil Heterogeneity by Single-Cell Immune Profiling in Human Saliva,0,1,0,male,human adult stage,oral cavity,[{'oral cavity': 1145}],1145,normal,A Protocol for Revealing Oral Neutrophil Heterogeneity by Single-Cell Immune Profiling in Human Saliva,True,10.1126/science.aba7721,http://dx.doi.org/10.1126/science.aba7721,A human cell atlas of fetal gene expression
48,3e329187-a9c4-48ec-90e3-cc45f7c2311c,Establishing Cerebral Organoids as Models of Human-Specific Brain Evolution,0,1,0,female | male,human adult stage | newborn human stage,brain,[{'brain': 1001}],1001,normal,Establishing Cerebral Organoids as Models of Human-Specific Brain Evolution.,True,10.1126/science.aba7721,http://dx.doi.org/10.1126/science.aba7721,A human cell atlas of fetal gene expression
49,ccef38d7-aa92-4010-9621-c4c7b1182647,Dissecting the clonal nature of allelic expression in somatic cells by single-cell RNA-seq,0,1,0,female | male | unknown,Theiler stage 23 | adult,N/A,"[{'skin': 38}, {'hematopoietic system': 892}, {'tail': 347}, {'brain': 4}, {'liver': 31}, {None: None}]",N/A,normal,Analysis of allelic expression patterns in clonal somatic cells by single-cell RNA-seq,True,10.1126/science.aba7721,http://dx.doi.org/10.1126/science.aba7721,A human cell atlas of fetal gene expression
50,88ec040b-8705-4f77-8f41-f81e57632f7d,Systematic comparative analysis of single cell RNA-sequencing methods,0,1,0,female | male,human adult stage | juvenile stage,brain | blood,"[{'brain': 15175}, {'blood': 44615}]",59790,normal,Systematic comparative analysis of single cell RNA-sequencing methods,True,10.1126/science.aba7721,http://dx.doi.org/10.1126/science.aba7721,A human cell atlas of fetal gene expression
51,03c6fce7-789e-4e78-a27a-664d562bb738,"Transcriptomes of 1,529 individual cells from 88 human preimplantation embryos",0,1,0,unknown,human adult stage,embryo,[{'embryo': 1529}],1529,normal,Single-Cell RNA-Seq Reveals Lineage and X Chromosome Dynamics in Human Preimplantation Embryos,True,10.1126/science.aba7721,http://dx.doi.org/10.1126/science.aba7721,A human cell atlas of fetal gene expression
52,d2111fac-3fc4-4f42-9b6d-32cd6a828267,Human cerebral organoids recapitulate gene expression programs of fetal neocortex development.,0,1,0,female | unknown,fetal stage | human adult stage,brain,[{'brain': 734}],734,normal,Human cerebral organoids recapitulate gene expression programs of fetal neocortex development,True,10.1126/science.aba7721,http://dx.doi.org/10.1126/science.aba7721,A human cell atlas of fetal gene expression
53,67a3de09-45b9-49c3-a068-ff4665daa50e,Re-evaluation of human BDCA-2+ DC during acute sterile skin inflammation.,0,1,0,male,human adult stage,skin of body | blood,"[{'skin of body': None}, {'blood': None}]",N/A,normal,Re-evaluation of human BDCA-2+ DC during acute sterile skin inflammation.,True,10.1126/science.aba7721,http://dx.doi.org/10.1126/science.aba7721,A human cell atlas of fetal gene expression
54,0792db34-8047-4e62-802c-9177c9cd8e28,Joint profiling of chromatin accessibility and gene expression in thousands of single cells,0,1,0,female | male | unknown,adult | embryo stage | fetal stage | human adult stage,kidney | mouse kidney,"[{'kidney': 4824}, {'mouse kidney': 11296}]",16120,lung adenocarcinoma | normal,Joint profiling of chromatin accessibility and gene expression in thousands of single cells.,True,10.1126/science.aba7721,http://dx.doi.org/10.1126/science.aba7721,A human cell atlas of fetal gene expression
55,20f37aaf-caa1-40e6-9123-be6ce8feb2d6,Population-scale single-cell RNA-seq profiling across dopaminergic neuron differentiation.,0,1,0,female | male,human adult stage,brain,[{'brain': None}],N/A,normal,Population-scale single-cell RNA-seq profiling across dopaminergic neuron differentiation.,True,10.1126/science.aba7721,http://dx.doi.org/10.1126/science.aba7721,A human cell atlas of fetal gene expression
56,52b29aa4-c8d6-42b4-807a-b35be94469ca,A survey of human brain transcriptome diversity at the single cell level,0,1,0,female | male | unknown,fetal stage | human adult stage,brain,[{'brain': 466}],466,normal,A survey of human brain transcriptome diversity at the single cell level,True,10.1126/science.aba7721,http://dx.doi.org/10.1126/science.aba7721,A human cell atlas of fetal gene expression
57,1ce3b3dc-02f2-44a8-96da-d6d107b27a76,Single-cell analysis reveals the continuum of human lympho-myeloid progenitor cells,0,1,0,unknown,human adult stage,umbilical cord,[{'umbilical cord': 420}],420,normal,Single-cell analysis reveals the continuum of human lympho-myeloid progenitor cells,True,10.1126/science.aba7721,http://dx.doi.org/10.1126/science.aba7721,A human cell atlas of fetal gene expression
58,99101928-d9b1-4aaf-b759-e97958ac7403,"Single cell RNA-seq of human pancreatic endocrine cells from Juvenile, adult control and type 2 diabetic donors.",0,1,0,female | male,2-5 year-old child stage | human adult stage,Pancreas,[{'Pancreas': 635}],635,normal | type 1 diabetes mellitus | type 2 diabetes mellitus,Single-Cell Transcriptomics of the Human Endocrine Pancreas,True,10.1126/science.aba7721,http://dx.doi.org/10.1126/science.aba7721,A human cell atlas of fetal gene expression
59,7adede6a-0ab7-45e6-9b67-ffe7466bec1f,RNA Sequencing of Single Human Islet Cells Reveals Type 2 Diabetes Genes,0,1,0,female | male,human adult stage,,[],0,normal | type 2 diabetes mellitus,RNA Sequencing of Single Human Islet Cells Reveals Type 2 Diabetes Genes,True,10.1126/science.aba7721,http://dx.doi.org/10.1126/science.aba7721,A human cell atlas of fetal gene expression
60,e77fed30-959d-4fad-bc15-a0a5a85c21d2,Single-cell transcriptomics of East-Asian pancreatic islets cells,0,1,0,unknown,human adult stage,pancreas,[{'pancreas': 223}],223,normal,Single-cell transcriptomics of East-Asian pancreatic islets cells.,True,10.1126/science.aba7721,http://dx.doi.org/10.1126/science.aba7721,A human cell atlas of fetal gene expression
61,f8aa201c-4ff1-45a4-890e-840d63459ca2,Structural Remodeling of the Human Colonic Mesenchyme in Inflammatory Bowel Disease,0,1,0,female | male,adult | human adult stage,colon,[{'colon': 16893}],16893,colitis (disease) | normal | ulcerative colitis (disease),Structural Remodeling of the Human Colonic Mesenchyme in Inflammatory Bowel Disease,True,10.1126/science.aba7721,http://dx.doi.org/10.1126/science.aba7721,A human cell atlas of fetal gene expression
62,f2fe82f0-4454-4d84-b416-a885f3121e59,Decoding the development of the blood and immune systems during human fetal liver haematopoiesis,0,1,0,female | male,10th week post-fertilization human stage | 11th week post-fertilization human stage | 12th week post-fertilization human stage | 13th week post-fertilization human stage | 15th week post-fertilization human stage | 16th week post-fertilization human stage | 17th week post-fertilization human stage | 9th week post-fertilization human stage | Carnegie stage 14 | Carnegie stage 23 | organogenesis stage,zone of skin | liver | kidney | yolk sac,"[{'zone of skin': 54688}, {'liver': 148712}, {'kidney': 9643}, {'yolk sac': 10069}]",223112,normal,Decoding human fetal liver haematopoiesis,True,10.1126/science.aba7721,http://dx.doi.org/10.1126/science.aba7721,A human cell atlas of fetal gene expression
63,c6ad8f9b-d26a-4811-b2ba-93d487978446,Single cell transcriptomics defines human islet cell signatures and reveals cell-type-specific expression changes in type 2 diabetes [single cell],0,1,0,female | male,human adult stage,pancreas,[{'pancreas': 638}],638,normal | type 2 diabetes mellitus,Single-cell transcriptomes identify human islet cell signatures and reveal cell-type–specific expression changes in type 2 diabetes,True,10.1126/science.aba7721,http://dx.doi.org/10.1126/science.aba7721,A human cell atlas of fetal gene expression
64,bd400331-54b9-4fcc-bff6-6bb8b079ee1f,Sex-Specific Control of Human Heart Maturation by the Progesterone Receptor.,0,1,0,female | male,adolescent stage | child stage | fetal stage | human adult stage,heart,[{'heart': 90000}],90000,normal,Sex-Specific Control of Human Heart Maturation by the Progesterone Receptor.,True,10.1126/science.aba7721,http://dx.doi.org/10.1126/science.aba7721,A human cell atlas of fetal gene expression
65,05657a59-9f9d-4bb9-b77b-24be13aa5cea,Spatial and single-cell transcriptional profiling identifies functionally distinct human dermal fibroblast subpopulations,0,1,0,female,human adult stage,abdomen,[{'abdomen': 184}],184,normal,Spatial and single-cell transcriptional profiling identifies functionally distinct human dermal fibroblast subpopulations,True,10.1126/science.aba7721,http://dx.doi.org/10.1126/science.aba7721,A human cell atlas of fetal gene expression
66,7880637a-35a1-4047-b422-b5eac2a2a358,Single-cell transcriptomics of the human retinal pigment epithelium and choroid in health and macular degeneration,0,1,0,female | male,human adult stage,eye,[{'eye': 18560}],18560,chronic obstructive pulmonary disease | lung cancer | normal,Single-cell transcriptomics of the human retinal pigment epithelium and choroid in health and macular degeneration,True,10.1126/science.aba7721,http://dx.doi.org/10.1126/science.aba7721,A human cell atlas of fetal gene expression
67,50151324-f3ed-4358-98af-ec352a940a61,Single-cell atlas of human oral mucosa reveals a stromal-neutrophil axis in tissue immunity regulation,0,1,0,female | male,adult human stage,mouth mucosa,[{'mouth mucosa': None}],N/A,normal | periodontal disease,Human oral mucosa cell atlas reveals a stromal-neutrophil axis regulating tissue immunity,True,10.1126/science.aba7721,http://dx.doi.org/10.1126/science.aba7721,A human cell atlas of fetal gene expression
68,946c5add-47d1-402a-97bb-a5af97e8bce7,Transcriptome Landscape of Human Folliculogenesis Reveals Oocytes and Granulosa Cells Interactions,0,1,0,female,human adult stage,ovary,[{'ovary': 148}],148,normal,Transcriptome Landscape of Human Folliculogenesis Reveals Oocyte and Granulosa Cell Interactions,True,10.1126/science.aba7721,http://dx.doi.org/10.1126/science.aba7721,A human cell atlas of fetal gene expression
69,eaefa1b6-dae1-4414-953b-17b0427d061e,Single-Cell RNA-Seq Reveals Transcriptional Heterogeneity in Latent and Reactivated HIV-infected Cells,0,1,0,unknown,human adult stage,blood,[{'blood': 384}],384,HIV infectious disease | normal,Single-Cell RNA-Seq Reveals Transcriptional Heterogeneity in Latent and Reactivated HIV-infected Cells,True,10.1126/science.aba7721,http://dx.doi.org/10.1126/science.aba7721,A human cell atlas of fetal gene expression
70,c1810dbc-16d2-45c3-b45e-3e675f88d87b,A cell atlas of human thymic development defines T cell repertoire formation,0,1,0,female | male,10-month-old human stage | 10th week post-fertilization human stage | 11th week post-fertilization human stage | 12th week post-fertilization human stage | 13th week post-fertilization human stage | 14th week post-fertilization human stage | 16th week post-fertilization human stage | 17th week post-fertilization human stage | 2-year-old human stage | 3-month-old human stage | 9th week post-fertilization human stage | adult | human adult stage | juvenile stage | mature stage | organogenesis stage,thymus | colon,"[{'thymus': 456000}, {'colon': 16000}]",472000,normal,A cell atlas of human thymic development defines T cell repertoire formation.,True,10.1126/science.aba7721,http://dx.doi.org/10.1126/science.aba7721,A human cell atlas of fetal gene expression
71,e526d91d-cf3a-44cb-80c5-fd7676b55a1d,Transcriptional analysis of cystic fibrosis airways at single-cell resolution reveals altered epithelial cell states and composition,0,1,0,unknown,human adult stage,lung,[{'lung': None}],N/A,cystic fibrosis | normal,Transcriptional analysis of cystic fibrosis airways at single-cell resolution reveals altered epithelial cell states and composition,True,10.1126/science.aba7721,http://dx.doi.org/10.1126/science.aba7721,A human cell atlas of fetal gene expression
72,2a72a4e5-66b2-405a-bb7c-1e463e8febb0,Single-cell transcriptomics uncovers distinct molecular signatures of stem cells in chronic myeloid leukemia,0,1,0,female | unknown,human adult stage,hematopoietic system,[{'hematopoietic system': 2289}],2289,atypical chronic myeloid leukemia | normal,Single-cell transcriptomics uncovers distinct molecular signatures of stem cells in chronic myeloid leukemia,True,10.1126/science.aba7721,http://dx.doi.org/10.1126/science.aba7721,A human cell atlas of fetal gene expression
73,b51f49b4-0d2e-4cbd-bbd5-04cd171fc2fa,Single-cell RNA Sequencing of human microglia from post mortem Alzheimers Disease CNS tissue.,0,1,0,female | male,human adult stage,brain,[{'brain': 4725000}],4725000,Alzheimer disease | cognitive impairment with or without cerebellar ataxia | normal,Profiling Microglia From Alzheimer's Disease Donors and Non-demented Elderly in Acute Human Postmortem Cortical Tissue.,True,10.1126/science.aba7721,http://dx.doi.org/10.1126/science.aba7721,A human cell atlas of fetal gene expression
74,78b2406d-bff2-46fc-8b61-20690e602227,Single-cell transcriptomics reveals unique features of human pancreatic islet cell subtypes,0,1,0,male,human adult stage,pancreas,[{'pancreas': 72}],72,normal,Artemisinins Target GABA Receptor Signaling and Impair α Cell Identity.,True,10.1126/science.aba7721,http://dx.doi.org/10.1126/science.aba7721,A human cell atlas of fetal gene expression
75,8a40ff19-e614-4c50-b23b-5c9e1d546bab,Dissecting the Global Dynamic Molecular Profiles of Human Fetal Kidney Development by Single-Cell RNA Sequencing,0,1,0,female | male | unknown,fetal stage,kidney,[{'kidney': 3500}],3500,normal,Dissecting the Global Dynamic Molecular Profiles of Human Fetal Kidney Development by Single-Cell RNA Sequencing,True,10.1126/science.aba7721,http://dx.doi.org/10.1126/science.aba7721,A human cell atlas of fetal gene expression
76,ce33dde2-382d-448c-b6ac-bfb424644f23,Single Cell RNA-Seq Analysis Reveals  Fate Decision of Human Pre-cDC Determined  by Transcription Factor Competition,0,1,0,unknown,human adult stage,blood,[{'blood': 188}],188,normal,Single cell RNA-Seq reveals pre-cDCs fate determined by transcription factor combinatorial dose,True,10.1126/science.aba7721,http://dx.doi.org/10.1126/science.aba7721,A human cell atlas of fetal gene expression
77,52d10a60-c8d1-4d06-8a5e-af0d5c0d5034,Genomic profiling of human spermatogonial stem cells,0,1,0,male,human adult stage,testis,[{'testis': 175}],175,normal,Chromatin and Single-Cell RNA-Seq Profiling Reveal Dynamic Signaling and Metabolic Transitions during Human Spermatogonial Stem Cell Development,True,10.1126/science.aba7721,http://dx.doi.org/10.1126/science.aba7721,A human cell atlas of fetal gene expression
78,455b46e6-d8ea-4611-861e-de720a562ada,"Transcriptomic characterisation of haematopoietic stem and progenitor cells from human adult bone marrow, spleen and peripheral blood",0,1,0,female | male,human adult stage,bone marrow | blood | spleen,"[{'bone marrow': 87532}, {'blood': 25016}, {'spleen': 60043}]",172591,N/A,Quantitative and molecular differences distinguish adult human medullary and extramedullary haematopoietic stem and progenitor cell landscapes.,True,10.1126/science.aba7721,http://dx.doi.org/10.1126/science.aba7721,A human cell atlas of fetal gene expression
79,4bec484d-ca7a-47b4-8d48-8830e06ad6db,Single-cell RNA-Seq Investigation of Foveal and Peripheral Expression in the Human Retina,0,1,0,female | male,human adult stage,retina,[{'retina': 8217}],8217,glaucoma (disease) | normal,Molecular characterization of foveal versus peripheral human retina by single-cell RNA sequencing,True,10.1126/science.aba7721,http://dx.doi.org/10.1126/science.aba7721,A human cell atlas of fetal gene expression
80,4d6f6c96-2a83-43d8-8fe1-0f53bffd4674,Dissecting the human liver cellular landscape by single cell RNA-seq reveals novel intrahepatic monocyte/ macrophage populations,0,1,0,female | male,human adult stage,liver,[{'liver': 30000}],30000,normal,Single cell RNA sequencing of human liver reveals distinct intrahepatic macrophage populations,True,10.1126/science.aba7721,http://dx.doi.org/10.1126/science.aba7721,A human cell atlas of fetal gene expression
81,602628d7-c038-48a8-aa97-ffbb2cb44c9d,A Single-cell Transcriptomic Atlas of Human Intervertebral Disc,0,1,0,male,human adult stage,intervertebral disk | skeletal element | bone element,"[{'intervertebral disk': None}, {'skeletal element': None}, {'bone element': None}]",N/A,normal,Spatially defined single-cell transcriptional profiling characterizes diverse chondrocyte subtypes and nucleus pulposus progenitors in human intervertebral discs.,True,10.1126/science.aba7721,http://dx.doi.org/10.1126/science.aba7721,A human cell atlas of fetal gene expression
82,3a694703-3084-4ece-9abe-d935fd5f6748,Tracing pluripotency of human early embryos and embryonic stem cells by single cell RNA-seq,0,1,0,female,human adult stage,blastocyst | embryo,"[{'blastocyst': 34}, {'embryo': 90}]",124,normal,Single-cell RNA-Seq profiling of human preimplantation embryos and embryonic stem cells,True,10.1126/science.aba7721,http://dx.doi.org/10.1126/science.aba7721,A human cell atlas of fetal gene expression
83,c1a9a93d-d9de-4e65-9619-a9cec1052eaa,Single-cell RNA-sequencing reveals profibrotic roles of distinct epithelial and mesenchymal lineages in pulmonary fibrosis,0,1,0,unknown,human adult stage,lung,[{'lung': 112500}],112500,hypersensitivity pneumonitis | idiopathic pulmonary fibrosis | interstitial lung disease | non-specific interstitial pneumonia | normal | sarcoidosis,Single-cell RNA-sequencing reveals profibrotic roles of distinct epithelial and mesenchymal lineages in pulmonary fibrosis,True,10.1126/science.aba7721,http://dx.doi.org/10.1126/science.aba7721,A human cell atlas of fetal gene expression
84,b9484e4e-dc40-4e38-9b85-4cecf5b8c068,The effect of Mtb aggregation on monocyte-derived macrophage transcription profiles,0,1,0,unknown,human adult stage,blood,[{'blood': 600000}],600000,normal,Aggregated Mycobacterium tuberculosis enhances the inflammatory response,True,10.1126/science.aba7721,http://dx.doi.org/10.1126/science.aba7721,A human cell atlas of fetal gene expression
85,403c3e76-6814-4a2d-a580-5dd5de38c7ff,The Developmental Heterogeneity of Human Natural Killer Cells Defined by Single-cell Transcriptome,0,1,0,female | male,human adult stage,hematopoietic system | blood,"[{'hematopoietic system': None}, {'blood': None}]",N/A,GATA2 deficiency with susceptibility to MDS/AML | normal,Heterogeneity of human bone marrow and blood natural killer cells defined by single-cell transcriptome.,True,10.1126/science.aba7721,http://dx.doi.org/10.1126/science.aba7721,A human cell atlas of fetal gene expression
86,8d566d35-d8d3-4975-a351-be5e25e9b2ea,Lifespan charactarization of the nasal mucosa,0,1,0,female | male | unknown,2-5 year-old child stage | 25-44 year-old human stage | 6-12 year-old child stage | adolescent stage | child stage | human middle aged stage | under-1-year-old human stage | young adult stage,nose,[{'nose': None}],N/A,asthma | chronic rhinosinusitis | cystic fibrosis | influenza | normal | type 1 diabetes mellitus,High-resolution epigenome analysis in nasal samples derived from children with respiratory viral infections reveals striking changes upon SARS-CoV-2 infection.,True,10.1126/science.aba7721,http://dx.doi.org/10.1126/science.aba7721,A human cell atlas of fetal gene expression
87,c41dffbf-ad83-447c-a0e1-13e689d9b258,Resolving the fibrotic niche of human liver cirrhosis using single-cell transcriptomics,0,1,0,female | male,adult | human adult stage,liver | blood,"[{'liver': None}, {'blood': None}]",N/A,alcoholic fatty liver disease | cirrhosis of liver | hereditary hemochromatosis | non-alcoholic fatty liver disease | normal | primary biliary cholangitis,Resolving the fibrotic niche of human liver cirrhosis at single-cell level,True,10.1126/science.aba7721,http://dx.doi.org/10.1126/science.aba7721,A human cell atlas of fetal gene expression
88,376a7f55-b876-4f60-9cf3-ed7bc83d5415,Single-cell transcriptome profiling of an adult human cell atlas of 15 major organs,0,1,0,male,human adult stage,bone marrow | stomach | esophagus | lymph node | skin of body | rectum | liver | bile duct | heart | small intestine | muscle organ | trachea | spleen | blood | bladder organ,"[{'bone marrow': 5625}, {'stomach': 5625}, {'esophagus': 5625}, {'lymph node': 5625}, {'skin of body': 5625}, {'rectum': 5625}, {'liver': 5625}, {'bile duct': 5625}, {'heart': 5625}, {'small intestine': 5625}, {'muscle organ': 5625}, {'trachea': 5625}, {'spleen': 5625}, {'blood': 5625}, {'bladder organ': 5625}]",84375,normal,Single-cell transcriptome profiling of an adult human cell atlas of 15 major organs.,True,10.1126/science.aba7721,http://dx.doi.org/10.1126/science.aba7721,A human cell atlas of fetal gene expression
89,d3446f0c-30f3-4a12-b7c3-6af877c7bb2d,A single cell atlas of human teeth,0,1,0,unknown,human adult stage,molar tooth,[{'molar tooth': 100000}],100000,normal,A single-cell atlas of human teeth,True,10.1126/science.aba7721,http://dx.doi.org/10.1126/science.aba7721,A human cell atlas of fetal gene expression
90,08b794a0-519c-4516-b184-c583746254c5,Single-Cell RNA-Seq Analysis Maps Development of Human Germline Cells and Gonadal- Niche Interactions,0,1,0,female | male | mixed,embryo stage,gonad,[{'gonad': 43}],43,normal,Single-Cell RNA-Seq Analysis Maps Development of Human Germline Cells and Gonadal- Niche Interactions,True,10.1126/science.aba7721,http://dx.doi.org/10.1126/science.aba7721,A human cell atlas of fetal gene expression
91,dbcd4b1d-31bd-4eb5-94e1-50e8706fa192,Single-Cell RNA Sequencing Reveals Human iPS Cell-derived Alveolar Type 1 Cells in Alveolar Organoids,0,1,0,female,human adult stage,lung,[{'lung': 83}],83,normal,Directed induction of alveolar type I cells derived from pluripotent stem cells via Wnt signaling inhibition.,True,10.1126/science.aba7721,http://dx.doi.org/10.1126/science.aba7721,A human cell atlas of fetal gene expression
92,996120f9-e84f-409f-a01e-732ab58ca8b9,A human single cell atlas of the substantia nigra reveals novel cell specific pathways associated with the genetic risk of Parkinson’s disease and neuropsychiatric disorders.,0,1,0,female | male,human adult stage,brain,[{'brain': None}],N/A,normal,A single-cell atlas of the human substantia nigra reveals cell-specific pathways associated with neurological disorders.,True,10.1126/science.aba7721,http://dx.doi.org/10.1126/science.aba7721,A human cell atlas of fetal gene expression
93,4037007b-0eff-4e6d-b7bd-8dd8eec80143,Single Cell RNA-Sequencing of Human Limb Skeletal Muscle across Development and Myogenic Culture from Pluripotent Stem Cells,0,1,0,female | unknown,6-12 year old child stage | embryonic human stage | fetal stage | human adult stage,hindlimb | muscle | muscle organ,"[{'hindlimb': 55347}, {'muscle': 34497}, {'muscle organ': 4743}]",94587,normal,A Human Skeletal Muscle Atlas Identifies the Trajectories of Stem and Progenitor Cells across Development and from Human Pluripotent Stem Cells,True,10.1126/science.aba7721,http://dx.doi.org/10.1126/science.aba7721,A human cell atlas of fetal gene expression
94,1ad6cee6-53a5-4804-a870-e5bd991186e0,Transcriptional dynamics of pluripotent stem cell derived endothelial cell differentiation revealed by single cell RNA-Seq.,0,1,0,female | unknown,human adult stage,endothelium | embryo | skin of body | heart | umbilical cord,"[{'endothelium': 80468}, {'embryo': 8179}, {'skin of body': 5135}, {'heart': 7663}, {'umbilical cord': 4282}]",105727,normal,Transcriptional dynamics of pluripotent stem cell-derived endothelial cell differentiation revealed by single-cell RNA sequencing,True,10.1126/science.aba7721,http://dx.doi.org/10.1126/science.aba7721,A human cell atlas of fetal gene expression
95,abe1a013-af7a-45ed-8c26-f3793c24a1f4,Spatio-temporal immune zonation of the human kidney,0,1,0,female | male,Carnegie stage 01 | human adult stage,kidney,[{'kidney': None}],N/A,acquired aneurysmal subarachnoid hemorrhage | cardiac arrest | normal | reversible cerebral vasoconstriction syndrome | stroke disorder,Spatiotemporal immune zonation of the human kidney,True,10.1126/science.aba7721,http://dx.doi.org/10.1126/science.aba7721,A human cell atlas of fetal gene expression
96,ef1d9888-fa86-47a4-bb72-0ab0f20f7004,Single-cell atlas of early human brain development highlights heterogeneity of human neuroepithelial cells and early radial glia.,0,1,0,unknown,Carnegie stage 12 | Carnegie stage 13 | Carnegie stage 14 | Carnegie stage 15 | Carnegie stage 19 | Carnegie stage 20 | Carnegie stage 22,brain | eye,"[{'brain': None}, {'eye': None}]",N/A,normal,Single-cell atlas of early human brain development highlights heterogeneity of human neuroepithelial cells and early radial glia.,True,10.1126/science.aba7721,http://dx.doi.org/10.1126/science.aba7721,A human cell atlas of fetal gene expression
97,8787c238-89ef-4636-a57d-3167e8b54a80,Comparison of manual and two types of bioprinted kidney organoids by single cell RNA-seq.,0,1,0,male,human adult stage,kidney,[{'kidney': None}],N/A,normal,Cellular extrusion bioprinting improves kidney organoid reproducibility and conformation.,True,10.1126/science.aba7721,http://dx.doi.org/10.1126/science.aba7721,A human cell atlas of fetal gene expression
98,65858543-530d-48a6-a670-f972b34dfe10,Single cell RNA-sequencing on healthy and IPF lung mesenchymal cells.,0,1,0,unknown,human adult stage,lung,[{'lung': None}],N/A,idiopathic pulmonary fibrosis | normal,Categorization of lung mesenchymal cells in development and fibrosis.,True,10.1126/science.aba7721,http://dx.doi.org/10.1126/science.aba7721,A human cell atlas of fetal gene expression
99,962bd805-eb89-4c54-bad2-008e497d1307,Single-cell analysis reveals congruence between kidney organoids and human fetal kidney,0,1,0,female,12th week post-fertilization human stage,kidney,[{'kidney': None}],N/A,normal,Evaluation of variability in human kidney organoids,True,10.1126/science.aba7721,http://dx.doi.org/10.1126/science.aba7721,A human cell atlas of fetal gene expression
100,c893cb57-5c9f-4f26-9312-21b85be84313,Colonic single epithelial cell census reveals goblet cell drivers of barrier breakdown in inflammatory bowel disease.,0,1,0,unknown,human adult stage,digestive system,[{'digestive system': 72000}],72000,normal | ulcerative colitis (disease),Colonic epithelial cell diversity in health and inflammatory bowel disease.,True,10.1126/science.aba7721,http://dx.doi.org/10.1126/science.aba7721,A human cell atlas of fetal gene expression
101,6c040a93-8cf8-4fd5-98de-2297eb07e9f6,Characterization of the transcriptional landscape of human developing hippocampus,0,1,0,female | male,16th week post-fertilization human stage | 18th week post-fertilization human stage | 20th week post-fertilization human stage | 22nd week post-fertilization human stage | 25th week post-fertilization human stage | 27th week post-fertilization human stage,brain,[{'brain': 33098}],33098,normal,Decoding the development of the human hippocampus.,True,10.1126/science.aba7721,http://dx.doi.org/10.1126/science.aba7721,A human cell atlas of fetal gene expression
102,a9c022b4-c771-4468-b769-cabcf9738de3,"Comparison, calibration, and benchmarking of high-throughput single cell RNA-Seq techniques for unbiased cell-type classification",0,1,0,female,human adult stage,stem cell | heart,"[{'stem cell': None}, {'heart': None}]",N/A,normal,Systematic Comparison of High-throughput Single-Cell and  Single-Nucleus Transcriptomes during Cardiomyocyte Differentiation,True,10.1126/science.aba7721,http://dx.doi.org/10.1126/science.aba7721,A human cell atlas of fetal gene expression
103,091cf39b-01bc-42e5-9437-f419a66c8a45,Profiling of CD34+ cells from human bone marrow to understand hematopoiesis,0,1,0,female | male,human adult stage,hematopoietic system,[{'hematopoietic system': 1480000}],1480000,normal,Palantir characterizes cell fate continuities in human hematopoiesis,True,10.1126/science.aba7721,http://dx.doi.org/10.1126/science.aba7721,A human cell atlas of fetal gene expression
104,116965f3-f094-4769-9d28-ae675c1b569c,Single cell profiling of human induced dendritic cells generated by direct reprogramming of embryonic fibroblasts,0,1,0,unknown,Carnegie stage 18,embryo | embryo,"[{'embryo': None}, {'embryo': None}]",N/A,normal,N/A,True,10.1126/science.aba7721,http://dx.doi.org/10.1126/science.aba7721,A human cell atlas of fetal gene expression
105,41fb1734-a121-4616-95c7-3b732c9433c7,GM-CSF-producing T helper cells: a distinct subset of T helper cells.,0,1,0,unknown,human adult stage,blood,[{'blood': None}],N/A,normal,N/A,True,10.1126/science.aba7721,http://dx.doi.org/10.1126/science.aba7721,A human cell atlas of fetal gene expression
106,8dacb243-e918-4bd2-bb9a-aac6dc424161,Female human primordial germ cells display X-chromosome dosage compensation despite the absence of X-inactivation [Male],0,1,0,male,fetal stage,testis,[{'testis': 30000}],30000,normal,Female human primordial germ cells display X-chromosome dosage compensation despite the absence of X-inactivation.,True,10.1126/science.aba7721,http://dx.doi.org/10.1126/science.aba7721,A human cell atlas of fetal gene expression
107,ce7b12ba-664f-4f79-8fc7-3de6b1892183,Single-nucleus RNA sequencing of human cortex affected by multiple sclerosis.,0,1,0,female | male,human adult stage,brain,[{'brain': 84000}],84000,multiple sclerosis | normal,Neuronal vulnerability and multilineage diversity in multiple sclerosis.,True,10.1126/science.aba7721,http://dx.doi.org/10.1126/science.aba7721,A human cell atlas of fetal gene expression
108,1cd1f41f-f81a-486b-a05b-66ec60f81dcf,A single-cell survey of the human first-trimester placenta and decidua,0,1,0,female | male | unknown,embryonic human stage | fetal stage | human adult stage,placenta,[{'placenta': 22526}],22526,normal,A single-cell survey of the human first-trimester placenta and decidua,True,10.1126/science.aba7721,http://dx.doi.org/10.1126/science.aba7721,A human cell atlas of fetal gene expression
109,5b5f05b7-2482-468d-b76d-8f68c04a7a47,Integrative computational analysis of the substantia nigra pars compacta and the locus coeruleus,0,1,0,female | male,human adult stage,brain,[{'brain': None}],N/A,Alzheimer disease | alcohol abuse | atherosclerosis | cardiac rhythm disease | cardiac tamponade | cardiomyopathy | cardiovascular disease | cerebral amyloid angiopathy | chronic kidney disease | depressive disorder | dilated cardiomyopathy | hypertensive disorder | normal | pericarditis (disease),Single-cell multi-omic integration compares and contrasts features of brain cell identity,True,10.1126/science.aba7721,http://dx.doi.org/10.1126/science.aba7721,A human cell atlas of fetal gene expression
110,f48e7c39-cc67-4055-9d79-bc437892840c,Single-cell RNA-seq of human peripheral blood NKT cells,0,1,0,unknown,human adult stage,blood,[{'blood': None}],N/A,normal,Single-Cell RNA-Seq Analysis Uncovers Distinct Functional Human NKT Cell Sub-Populations in Peripheral Blood.,True,10.1126/science.aba7721,http://dx.doi.org/10.1126/science.aba7721,A human cell atlas of fetal gene expression
111,ad04c8e7-9b7d-4cce-b8e9-01e31da10b94,Single-cell Transcriptome Analysis Reveals an Anomalous Epithelial Variation and Ectopic Inflammatory Response in Chronic Obstructive Pulmonary Disease,0,1,0,female | male,human adult stage,lung,[{'lung': 57485}],57485,asthma | chronic obstructive pulmonary disease | diabetes mellitus (disease) | myelodysplastic syndrome | myocardial infarction (disease) | normal,Single-cell Transcriptome Analysis Reveals an Anomalous Epithelial Variation and Ectopic Inflammatory Response in Chronic Obstructive Pulmonary Disease,True,10.1126/science.aba7721,http://dx.doi.org/10.1126/science.aba7721,A human cell atlas of fetal gene expression
112,9d97f01f-9313-416e-9b07-560f048b2350,"Single-cell RNA-sequencing of skin, fresh blood, and cultured peripheral blood mononuclear cells from a patient with drug-induced hypersensitivity syndrome and healthy volunteers",0,1,0,male,human adult stage,blood | skin of body,"[{'blood': 26373}, {'skin of body': 18218}]",44591,drug hypersensitivity syndrome | normal,Targeted therapy guided by single-cell transcriptomic analysis in drug-induced hypersensitivity syndrome: a case report,True,10.1126/science.aba7721,http://dx.doi.org/10.1126/science.aba7721,A human cell atlas of fetal gene expression
113,3089d311-f9ed-44dd-bb10-397059bad4dc,Immune landscape of viral- and carcinogen-drived head and neck cancer,0,1,0,female | male,human adult stage,mouth | blood,"[{'mouth': 62000}, {'blood': 64000}]",126000,carcinoma of floor of mouth | carcinoma of supraglottis | human papilloma virus infection | laryngeal carcinoma | lower gum cancer | mandibular cancer | normal | oral cavity carcinoma | sleep apnea syndrome | squamous cell carcinoma of buccal mucosa | tongue cancer | tonsil carcinoma,Immune Landscape of Viral- and Carcinogen-Driven Head and Neck Cancer.,True,10.1126/science.aba7721,http://dx.doi.org/10.1126/science.aba7721,A human cell atlas of fetal gene expression
114,da2747fa-2921-42e0-afd4-39ef57b2b88b,Capturing human trophoblast development with naive pluripotent stem cells in vitro,0,1,0,female,human adult stage,embryo,[{'embryo': 14164}],14164,normal,Capturing human trophoblast development with naive pluripotent stem cells in vitro.,True,10.1126/science.aba7721,http://dx.doi.org/10.1126/science.aba7721,A human cell atlas of fetal gene expression
115,0c09fade-e079-4fde-8e60-6725b8c1d84b,Single-cell RNA-seq in monozygotic twins discordant for multiple sclerosis,0,1,0,female | male,human adult stage,Immune system,[{'Immune system': 3360}],3360,anti-NMDA receptor encephalitis | autoimmune encephalitis | brain inflammatory disease | normal | relapsing-remitting multiple sclerosis | secondary progressive multiple sclerosis,Early adaptive immune activation detected in monozygotic twins with prodromal multiple sclerosis,True,10.1126/science.aba7721,http://dx.doi.org/10.1126/science.aba7721,A human cell atlas of fetal gene expression
116,8185730f-4113-40d3-9cc3-929271784c2b,A single-cell transcriptome atlas of the adult human retina,0,1,0,female | male,human adult stage,eye,[{'eye': 44000}],44000,cataract (disease) | normal,A single‐cell transcriptome atlas of the adult human retina,True,10.1126/science.aba7721,http://dx.doi.org/10.1126/science.aba7721,A human cell atlas of fetal gene expression
117,63b5b6c1-bbcd-487d-8c2e-0095150c1ecd,Molecular transitions in early progenitors during human cord blood hematopoiesis,0,1,0,female,human adult stage,umbilical cord,[{'umbilical cord': 20000}],20000,normal,Molecular transitions in early progenitors during human cord blood hematopoiesis,True,10.1126/science.aba7721,http://dx.doi.org/10.1126/science.aba7721,A human cell atlas of fetal gene expression
118,005d611a-14d5-4fbf-846e-571a1f874f70,Assessing the relevance of organoids to model inter-individual variation,0,1,0,female | male,human adult stage,brain,[{'brain': 19916}],19916,normal,N/A,True,10.1126/science.aba7721,http://dx.doi.org/10.1126/science.aba7721,A human cell atlas of fetal gene expression
119,a9301beb-e9fa-42fe-b75c-84e8a460c733,A human cell atlas of fetal gene expression.,0,1,0,female | male,11th week post-fertilization human stage | 13th week post-fertilization human stage | 14th week post-fertilization human stage | 15th week post-fertilization human stage | 16th week post-fertilization human stage | 17th week post-fertilization human stage | 18th week post-fertilization human stage | 19th week post-fertilization human stage,intestine | heart | thymus | brain | kidney | muscle tissue | spleen | lung | pancreas | placenta | adrenal gland | liver | eye | stomach,"[{'intestine': 59470}, {'heart': 153132}, {'thymus': 12611}, {'brain': 3377522}, {'kidney': 178603}, {'muscle tissue': 47537}, {'spleen': 24104}, {'lung': 298355}, {'pancreas': 63291}, {'placenta': 38384}, {'adrenal gland': 489646}, {'liver': 149742}, {'eye': 72241}, {'stomach': 14955}]",4979593,normal,A human cell atlas of fetal gene expression.,True,10.1126/science.aba7721,http://dx.doi.org/10.1126/science.aba7721,A human cell atlas of fetal gene expression
120,95f07e6e-6a73-4e1b-a880-c83996b3aa5c,Immunophenotyping of COVID-19 and influenza highlights the role of type I interferons in development of severe COVID-19,0,1,0,female | male,human adult stage,blood,[{'blood': None}],N/A,COVID-19 | influenza | normal,Immunophenotyping of COVID-19 and influenza highlights the role of type I interferons in development of severe COVID-19.,True,10.1126/science.aba7721,http://dx.doi.org/10.1126/science.aba7721,A human cell atlas of fetal gene expression
121,1c6a960d-52ac-44ea-b728-a59c7ab9dc8e,"Massively parallel single-cell RNA-seq analysis of 26,677 pancreatic islets cells from both healthy and type II diabetic (T2D) donors.",0,1,0,female | male,human adult stage,pancreas,[{'pancreas': 39905}],39905,normal | type 2 diabetes mellitus,Single-Cell Heterogeneity Analysis and CRISPR Screen Identify Key β-Cell-Specific Disease Genes.,True,10.1126/science.aba7721,http://dx.doi.org/10.1126/science.aba7721,A human cell atlas of fetal gene expression
122,3cfcdff5-dee1-4a7b-a591-c09c6e850b11,The Immune Atlas of Human Deciduas With Unexplained Recurrent Pregnancy Loss,0,1,0,unknown,embryonic human stage,decidua,[{'decidua': 14000}],14000,normal,The Immune Atlas of Human Deciduas With Unexplained Recurrent Pregnancy Loss,True,10.1126/science.aba7721,http://dx.doi.org/10.1126/science.aba7721,A human cell atlas of fetal gene expression
123,71eb5f6d-cee0-4297-b503-b1125909b8c7,Single-cell transcriptome profiling of the vaginal wall in women with severe anterior vaginal prolapse,0,1,0,female,human adult stage,vagina,[{'vagina': 105000}],105000,diabetes mellitus (disease) | hypertensive disorder | normal | pelvic organ prolapse,Single-cell transcriptome profiling of the vaginal wall in women with severe anterior vaginal prolapse.,True,10.1126/science.aba7721,http://dx.doi.org/10.1126/science.aba7721,A human cell atlas of fetal gene expression
124,4af795f7-3e1d-4341-b867-4ac0982b9efd,Single-Cell RNA-Seq Analysis of cells from human urine,0,1,0,unknown,human adult stage,renal system,[{'renal system': None}],N/A,normal,N/A,True,10.1126/science.aba7721,http://dx.doi.org/10.1126/science.aba7721,A human cell atlas of fetal gene expression
125,07073c12-8006-4710-a00b-23abdb814904,Single-cell Transcriptome Analysis Reveals Dynamic Cell Populations and Differential Gene Expression Patterns in Control and Aneurysmal Human Aortic Tissue.,0,1,0,female | male,human adult stage,blood vessel,[{'blood vessel': None}],N/A,chronic obstructive pulmonary disease | diabetes mellitus (disease) | horacic aortic aneurysm | normal | thoracic aortic aneurysm,Single-Cell Transcriptome Analysis Reveals Dynamic Cell Populations and Differential Gene Expression Patterns in Control and Aneurysmal Human Aortic Tissue.,True,10.1126/science.aba7721,http://dx.doi.org/10.1126/science.aba7721,A human cell atlas of fetal gene expression
126,42d4f8d4-5422-4b78-adae-e7c3c2ef511c,Identification of a mesenchymal progenitor cell hierarchy in adipose tissue (scRNA-seq),0,1,0,female | male | mixed,adult | human adult stage | infant,adipose tissue,[{'adipose tissue': None}],N/A,normal,Identification of a mesenchymal progenitor cell hierarchy in adipose tissue.,True,10.1126/science.aba7721,http://dx.doi.org/10.1126/science.aba7721,A human cell atlas of fetal gene expression
127,24c654a5-caa5-440a-8f02-582921f2db4a,Single-cell transcriptomics uncovers human corneal limbal stem cells and their differentiation trajectory.,0,1,0,unknown,human adult stage,eye,[{'eye': None}],N/A,normal,Single-cell transcriptomics identifies limbal stem cell population and cell types mapping its differentiation trajectory in limbal basal epithelium of human cornea.,True,10.1126/science.aba7721,http://dx.doi.org/10.1126/science.aba7721,A human cell atlas of fetal gene expression
128,16ed4ad8-7319-46b2-8859-6fe1c1d73a82,Comparative analysis of kidney organoid and adult human kidney single cell and single nucleus transcriptomes,0,1,0,male,human adult stage,kidney,[{'kidney': 123408}],123408,normal,Comparative Analysis and Refinement of Human PSC-Derived Kidney Organoid Differentiation with Single-Cell Transcriptomics.,True,10.1126/science.aba7721,http://dx.doi.org/10.1126/science.aba7721,A human cell atlas of fetal gene expression
129,dc1a41f6-9e09-42a6-959e-3be23db6da56,Nuclei multiplexing with barcoded antibodies for single-nucleus genomics.,0,1,0,female | male,human adult stage | post-juvenile adult stage,brain,[{'brain': 161000}],161000,N/A,Nuclei multiplexing with barcoded antibodies for single-nucleus genomics.,True,10.1126/science.aba7721,http://dx.doi.org/10.1126/science.aba7721,A human cell atlas of fetal gene expression
130,38449aea-70b5-40db-84b3-1e08f32efe34,Altered human oligodendrocyte heterogeneity in multiple sclerosis,0,1,0,female | male,human adult stage,brain,[{'brain': 21933}],21933,bacterial infectious disease with sepsis | bronchopneumonia | heart failure | intestinal obstruction | multiple sclerosis | normal | ovarian cancer | rheumatoid arthritis | tongue squamous cell carcinoma,Altered human oligodendrocyte heterogeneity in multiple sclerosis,True,10.1126/science.aba7721,http://dx.doi.org/10.1126/science.aba7721,A human cell atlas of fetal gene expression
131,51f02950-ee25-4f4b-8d07-59aa99bb3498,Single-cell transcriptomes of the aging human skin reveal loss of fibroblast priming,0,1,0,male,adult,skin of body,[{'skin of body': 15457}],15457,normal,Single-cell transcriptomes of the human skin reveal age-related loss of fibroblast priming.,True,10.1126/science.aba7721,http://dx.doi.org/10.1126/science.aba7721,A human cell atlas of fetal gene expression
132,414acced-eba0-440f-b721-befbc5642bef,Single-cell RNA sequencing of human nasal swab from healthy donors,0,1,0,male,human adult stage,nose,[{'nose': None}],N/A,normal,Nasal ciliated cells are primary targets for SARS-CoV-2 replication in early stage of COVID-19.,True,10.1126/science.aba7721,http://dx.doi.org/10.1126/science.aba7721,A human cell atlas of fetal gene expression
133,379ed69e-be05-48bc-af5e-a7fc589709bf,Single-cell transcriptomic atlas of the human endometrium during the menstrual cycle,0,1,0,female,human adult stage,endometrium,[{'endometrium': 2148}],2148,normal,Single-cell transcriptomic atlas of the human endometrium during the menstrual cycle.,True,10.1126/science.aba7721,http://dx.doi.org/10.1126/science.aba7721,A human cell atlas of fetal gene expression
134,3c27d2dd-b180-4b2b-bf05-e2e418393fd1,"Single-cell transcriptomics of normal pancreas, intraductal papillary mucinous neoplasm, and pancreatic adenosquamous carcinoma reveals the heterogeneous progression of pancreatic ductal and stromal cells",0,1,0,male,human adult stage,pancreas,[{'pancreas': 9887}],9887,normal | pancreatic adenosquamous carcinoma | pancreatic intraductal papillary-mucinous neoplasm,Single-cell transcriptomics reveals heterogeneous progression and EGFR activation in pancreatic adenosquamous carcinoma.,True,10.1126/science.aba7721,http://dx.doi.org/10.1126/science.aba7721,A human cell atlas of fetal gene expression
135,7ac8822c-4ef0-4194-adf0-74290611b1c6,COVID-19 severity correlates with airway epithelium-immune cell interactions identified by single-cell analysis.,0,1,0,female | male | unknown,human adult stage,lung,[{'lung': None}],N/A,COVID-19 | normal,COVID-19 severity correlates with airway epithelium-immune cell interactions identified by single-cell analysis.,True,10.1126/science.aba7721,http://dx.doi.org/10.1126/science.aba7721,A human cell atlas of fetal gene expression
136,b963bd4b-4bc1-4404-8425-69d74bc636b8,The cellular immune response to COVID-19 deciphered by single cell multi-omics across three UK centres,0,1,0,female | male | unknown,human adult stage,blood,[{'blood': 800000}],800000,asymptomatic COVID-19 infection | critical COVID-19 infection | mild COVID-19 infection | moderate COVID-19 infection | normal | severe COVID-19 infection,Single-cell multi-omics analysis of the immune response in COVID-19,True,10.1126/science.aba7721,http://dx.doi.org/10.1126/science.aba7721,A human cell atlas of fetal gene expression
137,c5f46615-68de-4cf4-bbc2-a0ae10f08243,Developmental cell programs are co-opted in inflammatory skin disease.,0,1,0,female | male,human adult stage,skin of body,[{'skin of body': None}],N/A,atopic eczema | normal | psoriasis,Developmental cell programs are co-opted in inflammatory skin disease.,True,10.1126/science.aba7721,http://dx.doi.org/10.1126/science.aba7721,A human cell atlas of fetal gene expression
138,df88f39f-01a8-4b5b-92f4-3177d6c0f242,Molecular and functional heterogeneity of IL-10-producing CD4+ T cells.,0,1,0,unknown,human adult stage,blood,[{'blood': None}],N/A,normal,Molecular and functional heterogeneity of IL-10-producing CD4+ T Cells.,True,10.1126/science.aba7721,http://dx.doi.org/10.1126/science.aba7721,A human cell atlas of fetal gene expression
