,dataset_id,dataset_name,dataset_shortname,genders,development_stage,organs,organ_cell_count,doi_title_is_same_as_dataset_title,doi_id,doi_url,doi_dataset_title,disease,publication_name,publication_url
0,f83165c5-e2ea-4d15-a5cf-33f3550bffde,Reconstructing the human first trimester fetal-maternal interface using single cell transcriptomics,Fetal/Maternal Interface,female | male | unknown,10th week post-fertilization human stage | Carnegie stage 14 | Carnegie stage 18 | Carnegie stage 22 | Carnegie stage 23 | human adult stage,blood | decidua | placenta,"[{'blood': None}, {'decidua': None}, {'placenta': None}]",False,10.1101/429589,http://dx.doi.org/10.1101/429589,Reconstructing the human first trimester fetal–maternal interface using single cell transcriptomics,normal | orofaciodigital syndrome VIII,N/A,N/A
1,248fcf03-16c6-4a41-b6cc-aad4d894ca42,Oleic acid restores suppressive defects in tissue-resident FOXP3 Tregs from patients with multiple sclerosis',OleicAcidMultipleSclerosis,female | male | unknown,human adult stage,blood | adipose tissue,"[{'blood': None}, {'adipose tissue': None}]",False,10.1172/jci138519,http://dx.doi.org/10.1172/jci138519,Oleic acid restores suppressive defects in tissue-resident FOXP3 Tregs from patients with multiple sclerosis,multiple sclerosis | normal,Oleic acid restores suppressive defects in tissue-resident FOXP3 Tregs from patients with multiple sclerosis.,https://www.jci.org/articles/view/138519
2,cddab57b-6868-4be4-806f-395ed9dd635a,Single cell transcriptome analysis of human pancreas reveals transcriptional signatures of aging and somatic mutation patterns.,Single cell transcriptome analysis of human pancreas,female | male,1-month-old human stage | 5-year-old human stage | 6-year-old human stage | human adult stage,pancreas,[{'pancreas': 2544}],False,10.1016/j.cell.2017.09.004,http://dx.doi.org/10.1016/j.cell.2017.09.004,Single-Cell Analysis of Human Pancreas Reveals Transcriptional Signatures of Aging and Somatic Mutation Patterns,normal,Single-Cell Analysis of Human Pancreas Reveals Transcriptional Signatures of Aging and Somatic Mutation Patterns.,https://www.ncbi.nlm.nih.gov/pubmed/28965763
3,2043c65a-1cf8-4828-a656-9e247d4e64f1,Single-cell RNA-seq analysis  throughout a 125-day differentiation protocol that converted H1 human embryonic stem cells to a variety of ventrally-derived cell types.,Single cell RNAseq characterization of cell types produced over time in an in vitro model of human inhibitory interneuron differentiation.,male,human embryonic stage,brain,[{'brain': None}],False,10.1186/s13059-016-1033-x,http://dx.doi.org/10.1186/s13059-016-1033-x,Single-cell RNA-seq reveals novel regulators of human embryonic stem cell differentiation to definitive endoderm,normal,Single-Cell Profiling of an In Vitro Model of Human Interneuron Development Reveals Temporal Dynamics of Cell Type Production and Maturation.,https://europepmc.org/abstract/MED/28279351
4,83f5188e-3bf7-4956-9544-cea4f8997756,Distinct microbial and immune niches of the human colon,ColonImmune10XSS2VDJ,female | male,human adult stage,large intestine | immune organ,"[{'large intestine': 1141}, {'immune organ': 381}]",True,10.1038/s41590-020-0602-z,http://dx.doi.org/10.1038/s41590-020-0602-z,Distinct microbial and immune niches of the human colon,normal,Distinct microbial and immune niches of the human colon,https://www.nature.com/articles/s41590-020-0602-z
5,23587fb3-1a4a-4f58-ad74-cc9a4cb4c254,Single cell analysis of human fetal liver captures the transcriptional profile of hepatobiliary hybrid progenitors,HumanDevoLiverSegalRashid,male | unknown,6-12 year old child stage | fetal stage | human adult stage,liver,[{'liver': 1475}],False,10.1038/s41467-019-11266-x,http://dx.doi.org/10.1038/s41467-019-11266-x,Single cell analysis of human foetal liver captures the transcriptional profile of hepatobiliary hybrid progenitors,normal,Single cell analysis of human foetal liver captures the transcriptional profile of hepatobiliary hybrid progenitors,https://www.nature.com/articles/s41467-019-11266-x
6,60ea42e1-af49-42f5-8164-d641fdb696bc,A Protocol for Revealing Oral Neutrophil Heterogeneity by Single-Cell Immune Profiling in Human Saliva,PRJNA640427_human_neutrophils,male,human adult stage,oral cavity,[{'oral cavity': 1145}],True,10.21203/rs.3.pex-953/v1,http://dx.doi.org/10.21203/rs.3.pex-953/v1,A Protocol for Revealing Oral Neutrophil Heterogeneity by Single-Cell Immune Profiling in Human Saliva,normal,A Protocol for Revealing Oral Neutrophil Heterogeneity by Single-Cell Immune Profiling in Human Saliva,https://doi.org/10.21203/rs.3.pex-953/v2
7,3e329187-a9c4-48ec-90e3-cc45f7c2311c,Establishing Cerebral Organoids as Models of Human-Specific Brain Evolution,kriegsteinBrainOrganoids,female | male,human adult stage | newborn human stage,brain,[{'brain': 1001}],True,10.1016/j.cell.2019.01.017,http://dx.doi.org/10.1016/j.cell.2019.01.017,Establishing Cerebral Organoids as Models of Human-Specific Brain Evolution,normal,Establishing Cerebral Organoids as Models of Human-Specific Brain Evolution.,https://www.ncbi.nlm.nih.gov/pmc/articles/PMC6544371/
8,ccef38d7-aa92-4010-9621-c4c7b1182647,Dissecting the clonal nature of allelic expression in somatic cells by single-cell RNA-seq,AllelicExpressionPatterns,female | male | unknown,Theiler stage 23 | adult,N/A,"[{'tail': 347}, {'hematopoietic system': 892}, {'liver': 31}, {'skin': 38}, {'brain': 4}, {None: None}]",False,10.1038/ng.3678,http://dx.doi.org/10.1038/ng.3678,Analysis of allelic expression patterns in clonal somatic cells by single-cell RNA–seq,normal,Analysis of allelic expression patterns in clonal somatic cells by single-cell RNA-seq,https://pubmed.ncbi.nlm.nih.gov/27668657/
9,88ec040b-8705-4f77-8f41-f81e57632f7d,Systematic comparative analysis of single cell RNA-sequencing methods,scRNAseqSystemicComparison,female | male,human adult stage | juvenile stage,brain | blood,"[{'brain': 15175}, {'blood': 44615}]",True,10.1101/632216,http://dx.doi.org/10.1101/632216,Systematic comparative analysis of single cell RNA-sequencing methods,normal,Systematic comparative analysis of single cell RNA-sequencing methods,https://www.biorxiv.org/content/10.1101/632216v2
10,03c6fce7-789e-4e78-a27a-664d562bb738,"Transcriptomes of 1,529 individual cells from 88 human preimplantation embryos",humanPreimplantationEmbryos,unknown,human adult stage,embryo,[{'embryo': 1529}],False,10.1093/molehr/4.6.571,http://dx.doi.org/10.1093/molehr/4.6.571,Isolation of cDNA libraries from individual human preimplantation embryos,normal,Single-Cell RNA-Seq Reveals Lineage and X Chromosome Dynamics in Human Preimplantation Embryos,https://www.cell.com/fulltext/S0092-8674(16)30280-X#secsectitle0115
11,d2111fac-3fc4-4f42-9b6d-32cd6a828267,Human cerebral organoids recapitulate gene expression programs of fetal neocortex development.,HumanCerebralOrganoidsFetalNeocortex,female | unknown,fetal stage | human adult stage,brain,[{'brain': 734}],True,10.1073/pnas.1520760112,http://dx.doi.org/10.1073/pnas.1520760112,Human cerebral organoids recapitulate gene expression programs of fetal neocortex development,normal,Human cerebral organoids recapitulate gene expression programs of fetal neocortex development,https://www.pnas.org/content/pnas/112/51/15672.full.pdf
12,67a3de09-45b9-49c3-a068-ff4665daa50e,Re-evaluation of human BDCA-2+ DC during acute sterile skin inflammation.,AcuteSkinInflammation,male,human adult stage,blood | skin of body,"[{'blood': None}, {'skin of body': None}]",True,10.1084/jem.20190811,http://dx.doi.org/10.1084/jem.20190811,Re-evaluation of human BDCA-2+ DC during acute sterile skin inflammation,normal,Re-evaluation of human BDCA-2+ DC during acute sterile skin inflammation.,https://www.ncbi.nlm.nih.gov/pmc/articles/PMC7062525/
13,0792db34-8047-4e62-802c-9177c9cd8e28,Joint profiling of chromatin accessibility and gene expression in thousands of single cells,JointProfilingChromatinAccessibilityGeneExpression,female | male | unknown,adult | embryo stage | fetal stage | human adult stage,mouse kidney | kidney,"[{'mouse kidney': 11296}, {'kidney': 4824}]",True,10.1126/science.aau0730,http://dx.doi.org/10.1126/science.aau0730,Joint profiling of chromatin accessibility and gene expression in thousands of single cells,lung adenocarcinoma | normal,Joint profiling of chromatin accessibility and gene expression in thousands of single cells.,https://science.sciencemag.org/content/361/6409/1380
14,04ad400c-58cb-40a5-bc2b-2279e13a910b,Blood and immune cell development in human fetal bone marrow and in Down syndrome,fetalLiverAndCordBloodCiteSeq,female | male | unknown,HsapDv:0000082 | fifth LMP month human stage | fourth LMP month human stage | human adult stage | third LMP month human stage,hematopoietic system | hematopoietic system | liver | blood,"[{'hematopoietic system': None}, {'hematopoietic system': None}, {'liver': None}, {'blood': None}]",False,10.1038/s41586-021-03929-x,http://dx.doi.org/10.1038/s41586-021-03929-x,Blood and immune development in human fetal bone marrow and Down syndrome,normal,Blood and immune development in human fetal bone marrow and Down syndrome,https://www.nature.com/articles/s41586-021-03929-x#Abs1
15,20f37aaf-caa1-40e6-9123-be6ce8feb2d6,Population-scale single-cell RNA-seq profiling across dopaminergic neuron differentiation.,DopaminergicNeuronDifferentiation,female | male,human adult stage,brain,[{'brain': None}],True,10.1101/2020.05.21.103820,http://dx.doi.org/10.1101/2020.05.21.103820,Population-scale single-cell RNA-seq profiling across dopaminergic neuron differentiation,normal,Population-scale single-cell RNA-seq profiling across dopaminergic neuron differentiation.,https://www.biorxiv.org/content/10.1101/2020.05.21.103820v1.full
16,52b29aa4-c8d6-42b4-807a-b35be94469ca,A survey of human brain transcriptome diversity at the single cell level,SurveyhumanBrainTranscriptomediversity,female | male | unknown,fetal stage | human adult stage,brain,[{'brain': 466}],True,10.1073/pnas.1507125112,http://dx.doi.org/10.1073/pnas.1507125112,A survey of human brain transcriptome diversity at the single cell level,normal,A survey of human brain transcriptome diversity at the single cell level,https://www.pnas.org/content/112/23/7285
17,1ce3b3dc-02f2-44a8-96da-d6d107b27a76,Single-cell analysis reveals the continuum of human lympho-myeloid progenitor cells,HumanLymphoMyeloidProgenitorCells,unknown,human adult stage,umbilical cord,[{'umbilical cord': 420}],True,10.1038/s41590-017-0001-2,http://dx.doi.org/10.1038/s41590-017-0001-2,Single-cell analysis reveals the continuum of human lympho-myeloid progenitor cells,normal,Single-cell analysis reveals the continuum of human lympho-myeloid progenitor cells,https://www.nature.com/articles/s41590-017-0001-2#Sec13
18,5b328561-4a97-40ac-b7ad-6a90fc59d374,Sampling time-dependent artifacts in single-cell genomics studies,GSE132065_BloodTimeHuman,female | male | unknown,human adult stage,blood | immune system,"[{'blood': 120376}, {'immune system': 40000}]",True,10.1186/s13059-020-02032-0,http://dx.doi.org/10.1186/s13059-020-02032-0,Sampling time-dependent artifacts in single-cell genomics studies,chronic lymphocytic leukemia/small lymphocytic lymphoma | normal,Sampling time-dependent artifacts in single-cell genomics studies.,https://genomebiology.biomedcentral.com/articles/10.1186/s13059-020-02032-0
19,99101928-d9b1-4aaf-b759-e97958ac7403,"Single cell RNA-seq of human pancreatic endocrine cells from Juvenile, adult control and type 2 diabetic donors.",HumanEndocrinePancreas,female | male,2-5 year-old child stage | human adult stage,Pancreas,[{'Pancreas': 635}],False,10.1101/085696,http://dx.doi.org/10.1101/085696,RNA-seq library preparation from single pancreatic acinar cells,normal | type 1 diabetes mellitus | type 2 diabetes mellitus,Single-Cell Transcriptomics of the Human Endocrine Pancreas,https://www.ncbi.nlm.nih.gov/pubmed?LinkName=gds_pubmed&from_uid=200083139
20,7adede6a-0ab7-45e6-9b67-ffe7466bec1f,RNA Sequencing of Single Human Islet Cells Reveals Type 2 Diabetes Genes,HumanIsletType2Diabetes,female | male,human adult stage,,[],True,10.1016/j.cmet.2016.08.018,http://dx.doi.org/10.1016/j.cmet.2016.08.018,RNA Sequencing of Single Human Islet Cells Reveals Type 2 Diabetes Genes,normal | type 2 diabetes mellitus,RNA Sequencing of Single Human Islet Cells Reveals Type 2 Diabetes Genes,https://www.cell.com/cell-metabolism/pdf/S1550-4131(16)30434-X.pdf
21,8559a8ed-5d8c-4fb6-bde8-ab639cebf03c,Cryopreservation and post-thaw characterization of dissociated human islet cells,CryoPancreaticIsletCellPatchSeq,unknown,human adult stage,pancreas,[{'pancreas': 189}],True,10.1371/journal.pone.0263005,http://dx.doi.org/10.1371/journal.pone.0263005,Cryopreservation and post-thaw characterization of dissociated human islet cells,normal,Cryopreservation and post-thaw characterization of dissociated human islet cells,
22,e77fed30-959d-4fad-bc15-a0a5a85c21d2,Single-cell transcriptomics of East-Asian pancreatic islets cells,EastAsianPancreaticIslets,unknown,human adult stage,pancreas,[{'pancreas': 223}],True,10.1038/s41598-017-05266-4,http://dx.doi.org/10.1038/s41598-017-05266-4,Single-cell transcriptomics of East-Asian pancreatic islets cells,normal,Single-cell transcriptomics of East-Asian pancreatic islets cells.,https://www.nature.com/articles/s41598-017-05266-4
23,f8aa201c-4ff1-45a4-890e-840d63459ca2,Structural Remodeling of the Human Colonic Mesenchyme in Inflammatory Bowel Disease,HumanColonicMesenchymeIBD,female | male,adult | human adult stage,colon,[{'colon': 16893}],True,10.1016/j.cell.2018.08.067,http://dx.doi.org/10.1016/j.cell.2018.08.067,Structural Remodeling of the Human Colonic Mesenchyme in Inflammatory Bowel Disease,colitis (disease) | normal | ulcerative colitis (disease),Structural Remodeling of the Human Colonic Mesenchyme in Inflammatory Bowel Disease,https://www.ncbi.nlm.nih.gov/pubmed/30270042
24,f2fe82f0-4454-4d84-b416-a885f3121e59,Decoding the development of the blood and immune systems during human fetal liver haematopoiesis,FetalLiverHaematopoiesis,female | male,10th week post-fertilization human stage | 11th week post-fertilization human stage | 12th week post-fertilization human stage | 13th week post-fertilization human stage | 15th week post-fertilization human stage | 16th week post-fertilization human stage | 17th week post-fertilization human stage | 9th week post-fertilization human stage | Carnegie stage 14 | Carnegie stage 23 | organogenesis stage,zone of skin | yolk sac | liver | kidney,"[{'zone of skin': 54688}, {'yolk sac': 10069}, {'liver': 148712}, {'kidney': 9643}]",True,10.1101/654210,http://dx.doi.org/10.1101/654210,Decoding the development of the blood and immune systems during human fetal liver haematopoiesis,normal,Decoding human fetal liver haematopoiesis,https://www.nature.com/articles/s41586-019-1652-y
25,c6ad8f9b-d26a-4811-b2ba-93d487978446,Single cell transcriptomics defines human islet cell signatures and reveals cell-type-specific expression changes in type 2 diabetes [single cell],HumanT2DPancreas,female | male,human adult stage,pancreas,[{'pancreas': 638}],False,10.1101/gr.212720.116,http://dx.doi.org/10.1101/gr.212720.116,Single-cell transcriptomes identify human islet cell signatures and reveal cell-type–specific expression changes in type 2 diabetes,normal | type 2 diabetes mellitus,Single-cell transcriptomes identify human islet cell signatures and reveal cell-type–specific expression changes in type 2 diabetes,https://www.ncbi.nlm.nih.gov/pmc/articles/PMC5287227/
26,bd400331-54b9-4fcc-bff6-6bb8b079ee1f,Sex-Specific Control of Human Heart Maturation by the Progesterone Receptor.,HumanHeartMaturationsnSeq,female | male,adolescent stage | child stage | fetal stage | human adult stage,heart,[{'heart': 90000}],True,10.1161/circulationaha.120.051921,http://dx.doi.org/10.1161/circulationaha.120.051921,Sex-Specific Control of Human Heart Maturation by the Progesterone Receptor,normal,Sex-Specific Control of Human Heart Maturation by the Progesterone Receptor.,https://doi.org/10.1161/circulationaha.120.051921
27,05657a59-9f9d-4bb9-b77b-24be13aa5cea,Spatial and single-cell transcriptional profiling identifies functionally distinct human dermal fibroblast subpopulations,HumanDermalFibroblastSubpopulations,female,human adult stage,abdomen,[{'abdomen': 184}],True,10.1016/j.jid.2018.01.016,http://dx.doi.org/10.1016/j.jid.2018.01.016,Spatial and Single-Cell Transcriptional Profiling Identifies Functionally Distinct Human Dermal Fibroblast Subpopulations,normal,Spatial and single-cell transcriptional profiling identifies functionally distinct human dermal fibroblast subpopulations,https://pubmed.ncbi.nlm.nih.gov/29391249/
28,7880637a-35a1-4047-b422-b5eac2a2a358,Single-cell transcriptomics of the human retinal pigment epithelium and choroid in health and macular degeneration,HumanRPEandChoroid,female | male,human adult stage,eye,[{'eye': 18560}],True,10.1073/pnas.1914143116,http://dx.doi.org/10.1073/pnas.1914143116,Single-cell transcriptomics of the human retinal pigment epithelium and choroid in health and macular degeneration,chronic obstructive pulmonary disease | lung cancer | normal,Single-cell transcriptomics of the human retinal pigment epithelium and choroid in health and macular degeneration,https://pubmed.ncbi.nlm.nih.gov/31712411/
29,a60803bb-f7db-45cf-b529-95436152a801,Kidney organoid reproducibility across multiple human iPSC lines and diminished off target cells after transplantation revealed by single cell transcriptomics,transplantedKidneyOrganoids,female | male,human adult stage | newborn human stage,kidney,[{'kidney': None}],True,10.1101/516807,http://dx.doi.org/10.1101/516807,Kidney organoid reproducibility across multiple human iPSC lines and diminished off target cells after transplantation revealed by single cell transcriptomics,normal,Single cell census of human kidney organoids shows reproducibility and diminished off-target cells after transplantation,https://www.nature.com/articles/s41467-019-13382-0
30,50151324-f3ed-4358-98af-ec352a940a61,Single-cell atlas of human oral mucosa reveals a stromal-neutrophil axis in tissue immunity regulation,oralMucosaAtlas,female | male,adult human stage,mouth mucosa,[{'mouth mucosa': None}],False,10.1016/j.cell.2021.05.013,http://dx.doi.org/10.1016/j.cell.2021.05.013,Human oral mucosa cell atlas reveals a stromal-neutrophil axis regulating tissue immunity,normal | periodontal disease,Human oral mucosa cell atlas reveals a stromal-neutrophil axis regulating tissue immunity,https://pubmed.ncbi.nlm.nih.gov/34129837/
31,946c5add-47d1-402a-97bb-a5af97e8bce7,Transcriptome Landscape of Human Folliculogenesis Reveals Oocytes and Granulosa Cells Interactions,TranscriptomeLandscapeHumanFollicle,female,human adult stage,ovary,[{'ovary': 148}],False,10.1101/285445,http://dx.doi.org/10.1101/285445,Transcriptome Landscape of Human Oocytes and Granulosa Cells Throughout Folliculogenesis,normal,Transcriptome Landscape of Human Folliculogenesis Reveals Oocyte and Granulosa Cell Interactions,https://pubmed.ncbi.nlm.nih.gov/30472193/
32,eaefa1b6-dae1-4414-953b-17b0427d061e,Single-Cell RNA-Seq Reveals Transcriptional Heterogeneity in Latent and Reactivated HIV-infected Cells,TranscriptionalHeterogeneityInLatentAndReactivatedHivInfectedCells,unknown,human adult stage,blood,[{'blood': 384}],True,10.1016/s2055-6640(20)30525-2,http://dx.doi.org/10.1016/s2055-6640(20)30525-2,Single-cell RNA-Seq reveals transcriptional heterogeneity in latent and reactivated HIV-infected cells,HIV infectious disease | normal,Single-Cell RNA-Seq Reveals Transcriptional Heterogeneity in Latent and Reactivated HIV-infected Cells,https://www.sciencedirect.com/science/article/pii/S2211124718304789
33,c1810dbc-16d2-45c3-b45e-3e675f88d87b,A cell atlas of human thymic development defines T cell repertoire formation,HumanThymicDevelopment,female | male,10-month-old human stage | 10th week post-fertilization human stage | 11th week post-fertilization human stage | 12th week post-fertilization human stage | 13th week post-fertilization human stage | 14th week post-fertilization human stage | 16th week post-fertilization human stage | 17th week post-fertilization human stage | 2-year-old human stage | 3-month-old human stage | 9th week post-fertilization human stage | adult | human adult stage | juvenile stage | mature stage | organogenesis stage,thymus | colon,"[{'thymus': 456000}, {'colon': 16000}]",True,10.1101/2020.01.28.911115,http://dx.doi.org/10.1101/2020.01.28.911115,A cell atlas of human thymic development defines T cell repertoire formation,normal,A cell atlas of human thymic development defines T cell repertoire formation.,https://science.sciencemag.org/content/367/6480/eaay3224
34,e526d91d-cf3a-44cb-80c5-fd7676b55a1d,Transcriptional analysis of cystic fibrosis airways at single-cell resolution reveals altered epithelial cell states and composition,GompertsAirwatCfCells,unknown,human adult stage,lung,[{'lung': None}],True,10.1038/s41591-021-01332-7,http://dx.doi.org/10.1038/s41591-021-01332-7,Transcriptional analysis of cystic fibrosis airways at single-cell resolution reveals altered epithelial cell states and composition,cystic fibrosis | normal,Transcriptional analysis of cystic fibrosis airways at single-cell resolution reveals altered epithelial cell states and composition,https://pubmed.ncbi.nlm.nih.gov/33958799/
35,2a72a4e5-66b2-405a-bb7c-1e463e8febb0,Single-cell transcriptomics uncovers distinct molecular signatures of stem cells in chronic myeloid leukemia,StemCellsInChronicMyeloidLeukemia,female | unknown,human adult stage,hematopoietic system,[{'hematopoietic system': 2289}],True,10.1038/nm.4336,http://dx.doi.org/10.1038/nm.4336,Single-cell transcriptomics uncovers distinct molecular signatures of stem cells in chronic myeloid leukemia,atypical chronic myeloid leukemia | normal,Single-cell transcriptomics uncovers distinct molecular signatures of stem cells in chronic myeloid leukemia,https://www.nature.com/articles/nm.4336
36,b51f49b4-0d2e-4cbd-bbd5-04cd171fc2fa,Single-cell RNA Sequencing of human microglia from post mortem Alzheimers Disease CNS tissue.,SingleCellsAlzheimers,female | male,human adult stage,brain,[{'brain': 4725000}],False,10.1038/s41467-020-19737-2,http://dx.doi.org/10.1038/s41467-020-19737-2,Single cell RNA sequencing of human microglia uncovers a subset associated with Alzheimer’s disease,Alzheimer disease | cognitive impairment with or without cerebellar ataxia | normal,Profiling Microglia From Alzheimer's Disease Donors and Non-demented Elderly in Acute Human Postmortem Cortical Tissue.,https://pubmed.ncbi.nlm.nih.gov/33192286/
37,78b2406d-bff2-46fc-8b61-20690e602227,Single-cell transcriptomics reveals unique features of human pancreatic islet cell subtypes,HumanPancreaticIslets,male,human adult stage,pancreas,[{'pancreas': 72}],False,10.15252/embr.201540946,http://dx.doi.org/10.15252/embr.201540946,Single‐cell transcriptomes reveal characteristic features of human pancreatic islet cell types,normal,Single-cell transcriptomes reveal characteristic features of human pancreatic islet cell types.,https://pubmed.ncbi.nlm.nih.gov/26691212/
38,c31fa434-c9ed-4263-a9b6-d9ffb9d44005,A single-cell atlas of chromatin accessibility in the human genome,atlasOfChromatinAccessibility,female | male,human adult stage,skin epidermis | esophagus | heart | breast | small intestine | thyroid gland | stomach | pancreas | adipose tissue | colon | vagina | aorta | tibial nerve | adrenal gland | liver | ovary | uterus | lung,"[{'skin epidermis': None}, {'esophagus': None}, {'heart': None}, {'breast': None}, {'small intestine': None}, {'thyroid gland': None}, {'stomach': None}, {'pancreas': None}, {'adipose tissue': None}, {'colon': None}, {'vagina': None}, {'aorta': None}, {'tibial nerve': None}, {'adrenal gland': None}, {'liver': None}, {'ovary': None}, {'uterus': None}, {'lung': None}]",True,10.1016/j.cell.2021.10.024,http://dx.doi.org/10.1016/j.cell.2021.10.024,A single-cell atlas of chromatin accessibility in the human genome,normal,A single-cell atlas of chromatin accessibility in the human genome,https://www.cell.com/cell/fulltext/S0092-8674(21)01279-4
39,8a40ff19-e614-4c50-b23b-5c9e1d546bab,Dissecting the Global Dynamic Molecular Profiles of Human Fetal Kidney Development by Single-Cell RNA Sequencing,HumanFetalKidney,female | male | unknown,fetal stage,kidney,[{'kidney': 3500}],True,10.1016/j.celrep.2018.08.056,http://dx.doi.org/10.1016/j.celrep.2018.08.056,Dissecting the Global Dynamic Molecular Profiles of Human Fetal Kidney Development by Single-Cell RNA Sequencing,normal,Dissecting the Global Dynamic Molecular Profiles of Human Fetal Kidney Development by Single-Cell RNA Sequencing,https://www.ncbi.nlm.nih.gov/pubmed/30257215
40,ce33dde2-382d-448c-b6ac-bfb424644f23,Single Cell RNA-Seq Analysis Reveals  Fate Decision of Human Pre-cDC Determined  by Transcription Factor Competition,PreCdcFateTxFactCompetition,unknown,human adult stage,blood,[{'blood': 188}],False,10.1186/s12860-019-0199-y,http://dx.doi.org/10.1186/s12860-019-0199-y,Single cell RNA-Seq reveals pre-cDCs fate determined by transcription factor combinatorial dose,normal,Single cell RNA-Seq reveals pre-cDCs fate determined by transcription factor combinatorial dose,https://pubmed.ncbi.nlm.nih.gov/31253076/
41,52d10a60-c8d1-4d06-8a5e-af0d5c0d5034,Genomic profiling of human spermatogonial stem cells,HumanSpermatogonialStemCells,male,human adult stage,testis,[{'testis': 175}],False,10.21037/sci.2018.04.04,http://dx.doi.org/10.21037/sci.2018.04.04,Epigenomic and single-cell profiling of human spermatogonial stem cells,normal,Chromatin and Single-Cell RNA-Seq Profiling Reveal Dynamic Signaling and Metabolic Transitions during Human Spermatogonial Stem Cell Development,https://www.cell.com/cell-stem-cell/fulltext/S1934-5909(17)30370-3?_returnURL=https%3A%2F%2Flinkinghub.elsevier.com%2Fretrieve%2Fpii%2FS1934590917303703%3Fshowall%3Dtrue#secsectitle0015
42,455b46e6-d8ea-4611-861e-de720a562ada,"Transcriptomic characterisation of haematopoietic stem and progenitor cells from human adult bone marrow, spleen and peripheral blood",AdultHemOrgans,female | male,human adult stage,bone marrow | blood | spleen,"[{'bone marrow': 87532}, {'blood': 25016}, {'spleen': 60043}]",False,10.1111/j.1423-0410.2011.01471.x,http://dx.doi.org/10.1111/j.1423-0410.2011.01471.x,"Quality controls of cryopreserved haematopoietic progenitor cells (peripheral blood, cord blood, bone marrow)",N/A,Quantitative and molecular differences distinguish adult human medullary and extramedullary haematopoietic stem and progenitor cell landscapes.,https://doi.org/10.1101/2020.01.26.919753
43,c5ca43aa-3b2b-4216-8eb3-f57adcbc99a1,Single-cell sequencing unveils distinct immune microenvironment in human chronic pancreatitis,CPmicroEnvironment,female | male,adolescent stage | child stage | human adult stage,pancreas,[{'pancreas': None}],False,10.1101/2021.04.05.438347,http://dx.doi.org/10.1101/2021.04.05.438347,Single-cell sequencing unveils distinct immune microenvironment with CCR6-CCL20 crosstalk in human chronic pancreatitis,chronic pancreatitis | hereditary chronic pancreatitis | normal,Single-cell sequencing unveils distinct immune microenvironment with CCR6-CCL20 crosstalk in human chronic pancreatitis,https://www.biorxiv.org/content/10.1101/2021.04.05.438347v2.full.pdf
44,4bec484d-ca7a-47b4-8d48-8830e06ad6db,Single-cell RNA-Seq Investigation of Foveal and Peripheral Expression in the Human Retina,HumanFoveaRetinaScheetzSheffield,female | male,human adult stage,retina,[{'retina': 8217}],False,10.1016/j.exer.2019.05.001,http://dx.doi.org/10.1016/j.exer.2019.05.001,Molecular characterization of foveal versus peripheral human retina by single-cell RNA sequencing,glaucoma (disease) | normal,Molecular characterization of foveal versus peripheral human retina by single-cell RNA sequencing,https://www.ncbi.nlm.nih.gov/pmc/articles/PMC6596422/
45,4d6f6c96-2a83-43d8-8fe1-0f53bffd4674,Dissecting the human liver cellular landscape by single cell RNA-seq reveals novel intrahepatic monocyte/ macrophage populations,SingleCellLiverLandscape,female | male,human adult stage,liver,[{'liver': 30000}],False,10.1038/s41467-018-06318-7,http://dx.doi.org/10.1038/s41467-018-06318-7,Single cell RNA sequencing of human liver reveals distinct intrahepatic macrophage populations,normal,Single cell RNA sequencing of human liver reveals distinct intrahepatic macrophage populations,https://www.ncbi.nlm.nih.gov/pmc/articles/PMC6197289/
46,602628d7-c038-48a8-aa97-ffbb2cb44c9d,A Single-cell Transcriptomic Atlas of Human Intervertebral Disc,AtlasOfHumanIntervertebralDisc,male,human adult stage,intervertebral disk | bone element | skeletal element,"[{'intervertebral disk': None}, {'bone element': None}, {'skeletal element': None}]",False,10.1016/j.devcel.2020.11.002,http://dx.doi.org/10.1016/j.devcel.2020.11.002,A Single-Cell Transcriptomic Atlas of Human Skin Aging,normal,Spatially defined single-cell transcriptional profiling characterizes diverse chondrocyte subtypes and nucleus pulposus progenitors in human intervertebral discs.,https://www.nature.com/articles/s41413-021-00163-z#Abs1
47,3a694703-3084-4ece-9abe-d935fd5f6748,Tracing pluripotency of human early embryos and embryonic stem cells by single cell RNA-seq,HumanPreimplantationEmbryosESCs,female,human adult stage,embryo | blastocyst,"[{'embryo': 90}, {'blastocyst': 34}]",False,10.1038/nsmb.2660,http://dx.doi.org/10.1038/nsmb.2660,Single-cell RNA-Seq profiling of human preimplantation embryos and embryonic stem cells,normal,Single-cell RNA-Seq profiling of human preimplantation embryos and embryonic stem cells,https://pubmed.ncbi.nlm.nih.gov/23934149/#affiliation-1
48,c1a9a93d-d9de-4e65-9619-a9cec1052eaa,Single-cell RNA-sequencing reveals profibrotic roles of distinct epithelial and mesenchymal lineages in pulmonary fibrosis,PulmonaryFibrosisGSE135893,unknown,human adult stage,lung,[{'lung': 112500}],True,10.1101/753806,http://dx.doi.org/10.1101/753806,Single-cell RNA-sequencing reveals profibrotic roles of distinct epithelial and mesenchymal lineages in pulmonary fibrosis,hypersensitivity pneumonitis | idiopathic pulmonary fibrosis | interstitial lung disease | non-specific interstitial pneumonia | normal | sarcoidosis,Single-cell RNA-sequencing reveals profibrotic roles of distinct epithelial and mesenchymal lineages in pulmonary fibrosis,https://www.biorxiv.org/content/10.1101/753806v1
49,b9484e4e-dc40-4e38-9b85-4cecf5b8c068,The effect of Mtb aggregation on monocyte-derived macrophage transcription profiles,mtbAggregation,unknown,human adult stage,blood,[{'blood': 600000}],False,10.1002/jlb.63.4.405,http://dx.doi.org/10.1002/jlb.63.4.405,Transcription factors that regulate monocyte/macrophage differentiation,normal,Aggregated Mycobacterium tuberculosis enhances the inflammatory response,https://www.biorxiv.org/content/10.1101/2021.03.23.436577v1
50,403c3e76-6814-4a2d-a580-5dd5de38c7ff,The Developmental Heterogeneity of Human Natural Killer Cells Defined by Single-cell Transcriptome,HumanNaturalKillerDiversityYang,female | male,human adult stage,hematopoietic system | blood,"[{'hematopoietic system': None}, {'blood': None}]",False,10.1038/s41467-019-11947-7,http://dx.doi.org/10.1038/s41467-019-11947-7,Heterogeneity of human bone marrow and blood natural killer cells defined by single-cell transcriptome,GATA2 deficiency with susceptibility to MDS/AML | normal,Heterogeneity of human bone marrow and blood natural killer cells defined by single-cell transcriptome.,
51,8bd2e5f6-9453-4b9b-9c56-59e3a40dc87e,Human photoreceptor cells from different macular subregions have distinct transcriptional profiles,photoreceptorMacularSubregions,female | male,human adult stage,retina,[{'retina': 34492}],True,10.1093/hmg/ddab140,http://dx.doi.org/10.1093/hmg/ddab140,Human photoreceptor cells from different macular subregions have distinct transcriptional profiles,lung cancer | normal,Human photoreceptor cells from different macular subregions have distinct transcriptional profiles,https://academic.oup.com/hmg/advance-article/doi/10.1093/hmg/ddab140/6278862
52,8d566d35-d8d3-4975-a351-be5e25e9b2ea,Lifespan charactarization of the nasal mucosa,nasalMucosaLifespan,female | male | unknown,2-5 year-old child stage | 25-44 year-old human stage | 6-12 year-old child stage | adolescent stage | child stage | human middle aged stage | under-1-year-old human stage | young adult stage,nose,[{'nose': None}],False,10.1515/9783110888157-002,http://dx.doi.org/10.1515/9783110888157-002,Charactarization,asthma | chronic rhinosinusitis | cystic fibrosis | influenza | normal | type 1 diabetes mellitus,Immune cell residency in the nasal mucosa may partially explain respiratory disease severity across the age range,https://pubmed.ncbi.nlm.nih.gov/34354210/
53,c41dffbf-ad83-447c-a0e1-13e689d9b258,Resolving the fibrotic niche of human liver cirrhosis using single-cell transcriptomics,HealthyAndCirrhoticLiver,female | male,adult | human adult stage,blood | liver,"[{'blood': None}, {'liver': None}]",True,10.1101/766113,http://dx.doi.org/10.1101/766113,Resolving the fibrotic niche of human liver cirrhosis using single-cell transcriptomics,alcoholic fatty liver disease | cirrhosis of liver | hereditary hemochromatosis | non-alcoholic fatty liver disease | normal | primary biliary cholangitis,Resolving the fibrotic niche of human liver cirrhosis at single-cell level,
54,376a7f55-b876-4f60-9cf3-ed7bc83d5415,Single-cell transcriptome profiling of an adult human cell atlas of 15 major organs,AtlasOfMajorAdultOrgans,male,human adult stage,bile duct | bladder organ | rectum | liver | heart | spleen | muscle organ | stomach | lymph node | trachea | blood | small intestine | esophagus | bone marrow | skin of body,"[{'bile duct': 5625}, {'bladder organ': 5625}, {'rectum': 5625}, {'liver': 5625}, {'heart': 5625}, {'spleen': 5625}, {'muscle organ': 5625}, {'stomach': 5625}, {'lymph node': 5625}, {'trachea': 5625}, {'blood': 5625}, {'small intestine': 5625}, {'esophagus': 5625}, {'bone marrow': 5625}, {'skin of body': 5625}]",True,10.1101/2020.03.18.996975,http://dx.doi.org/10.1101/2020.03.18.996975,Single-cell transcriptome profiling of an adult human cell atlas of 15 major organs,normal,Single-cell transcriptome profiling of an adult human cell atlas of 15 major organs.,https://www.ncbi.nlm.nih.gov/pmc/articles/PMC7720616/
55,d3446f0c-30f3-4a12-b7c3-6af877c7bb2d,A single cell atlas of human teeth,atlasOfHumanTeeth,unknown,human adult stage,molar tooth,[{'molar tooth': 100000}],True,10.1101/2021.02.19.431962,http://dx.doi.org/10.1101/2021.02.19.431962,A single cell atlas of human teeth,normal,A single-cell atlas of human teeth,https://www.ncbi.nlm.nih.gov/pmc/articles/PMC8099559/#mmc1
56,08b794a0-519c-4516-b184-c583746254c5,Single-Cell RNA-Seq Analysis Maps Development of Human Germline Cells and Gonadal- Niche Interactions,HumanGermlineCells,female | male | mixed,embryo stage,gonad,[{'gonad': 43}],False,10.1016/j.stem.2017.05.009,http://dx.doi.org/10.1016/j.stem.2017.05.009,Single-Cell RNA-Seq Analysis Maps Development of Human Germline Cells and Gonadal Niche Interactions,normal,Single-Cell RNA-Seq Analysis Maps Development of Human Germline Cells and Gonadal- Niche Interactions,https://www.cell.com/cell-stem-cell/fulltext/S1934-5909(17)30078-4?_returnURL=https%3A%2F%2Flinkinghub.elsevier.com%2Fretrieve%2Fpii%2FS1934590917300784%3Fshowall%3Dtrue
57,dbcd4b1d-31bd-4eb5-94e1-50e8706fa192,Single-Cell RNA Sequencing Reveals Human iPS Cell-derived Alveolar Type 1 Cells in Alveolar Organoids,HumanIpscDerivedAlveolarOrganoids,female,human adult stage,lung,[{'lung': 83}],False,10.1038/nmeth.4448,http://dx.doi.org/10.1038/nmeth.4448,Long-term expansion of alveolar stem cells derived from human iPS cells in organoids,normal,Directed induction of alveolar type I cells derived from pluripotent stem cells via Wnt signaling inhibition.,https://stemcellsjournals.onlinelibrary.wiley.com/doi/full/10.1002/stem.3302
58,996120f9-e84f-409f-a01e-732ab58ca8b9,A human single cell atlas of the substantia nigra reveals novel cell specific pathways associated with the genetic risk of Parkinson’s disease and neuropsychiatric disorders.,HumanBrainSubstantiaNigra,female | male,human adult stage,brain,[{'brain': None}],False,10.1101/2020.04.29.067587,http://dx.doi.org/10.1101/2020.04.29.067587,A human single-cell atlas of the Substantia nigra reveals novel cell-specific pathways associated with the genetic risk of Parkinson’s disease and neuropsychiatric disorders,normal,A single-cell atlas of the human substantia nigra reveals cell-specific pathways associated with neurological disorders.,https://www.nature.com/articles/s41467-020-17876-0
59,4037007b-0eff-4e6d-b7bd-8dd8eec80143,Single Cell RNA-Sequencing of Human Limb Skeletal Muscle across Development and Myogenic Culture from Pluripotent Stem Cells,pyleSkeletalMuscle,female | unknown,6-12 year old child stage | embryonic human stage | fetal stage | human adult stage,hindlimb | muscle | muscle organ,"[{'hindlimb': 55347}, {'muscle': 34497}, {'muscle organ': 4743}]",False,10.1016/j.dib.2020.106657,http://dx.doi.org/10.1016/j.dib.2020.106657,Single cell RNA-sequencing data generated from human pluripotent stem cell-derived lens epithelial cells,normal,A Human Skeletal Muscle Atlas Identifies the Trajectories of Stem and Progenitor Cells across Development and from Human Pluripotent Stem Cells,https://pubmed.ncbi.nlm.nih.gov/32619514/
60,591af954-cdcd-4839-96d3-a0d1b1e885ac,Single-cell RNA sequencing of peripheral blood reveals immune cell signatures in Alzheimer's disease,cellSignaturesInAlzheimer,female | male,human adult stage,blood,[{'blood': None}],False,10.3389/fimmu.2021.645666,http://dx.doi.org/10.3389/fimmu.2021.645666,Single-Cell RNA Sequencing of Peripheral Blood Reveals Immune Cell Signatures in Alzheimer’s Disease,Alzheimer disease | normal,Single-Cell RNA Sequencing of Peripheral Blood Reveals Immune Cell Signatures in Alzheimer's Disease.,https://www.ncbi.nlm.nih.gov/pmc/articles/PMC8382575/
61,5116c081-8be7-49c5-8ce0-73b887328aa9,A comprehensive single cell transcriptional landscape of human hematopoietic progenitors,HumanHematopoieticProgenitors,unknown,human adult stage,hematopoietic system,[{'hematopoietic system': None}],True,10.1038/s41467-019-10291-0,http://dx.doi.org/10.1038/s41467-019-10291-0,A comprehensive single cell transcriptional landscape of human hematopoietic progenitors,normal,"A comprehensive single cell transcriptional
landscape of human hematopoietic progenitors",https://www.nature.com/articles/s41467-019-10291-0.pdf?origin=ppub
62,dd7f2436-0c56-4709-bd17-e526bba4cc15,Single Cell RNA-Seq profiling of human embryonic kidney outer and inner cortical cells and kidney organoid cells,HumanDevoKidneyAndOrganoids,female | unknown,fetal stage | human adult stage,kidney,[{'kidney': None}],False,10.1038/nsmb.2660,http://dx.doi.org/10.1038/nsmb.2660,Single-cell RNA-Seq profiling of human preimplantation embryos and embryonic stem cells,normal,In VivoDevelopmental Trajectories of Human PodocyteInformIn VitroDifferentiation of Pluripotent Stem Cell-Derived Podocytes,https://www.cell.com/developmental-cell/fulltext/S1534-5807(19)30486-1?_returnURL=https%3A%2F%2Flinkinghub.elsevier.com%2Fretrieve%2Fpii%2FS1534580719304861%3Fshowall%3Dtrue
63,abe1a013-af7a-45ed-8c26-f3793c24a1f4,Spatio-temporal immune zonation of the human kidney,KidneySingleCellAtlas,female | male,Carnegie stage 01 | human adult stage,kidney,[{'kidney': None}],False,10.1126/science.aat5031,http://dx.doi.org/10.1126/science.aat5031,Spatiotemporal immune zonation of the human kidney,acquired aneurysmal subarachnoid hemorrhage | cardiac arrest | normal | reversible cerebral vasoconstriction syndrome | stroke disorder,Spatiotemporal immune zonation of the human kidney,https://science.sciencemag.org/content/365/6460/1461
64,ef1d9888-fa86-47a4-bb72-0ab0f20f7004,Single-cell atlas of early human brain development highlights heterogeneity of human neuroepithelial cells and early radial glia.,dcp1219560702433721,unknown,Carnegie stage 12 | Carnegie stage 13 | Carnegie stage 14 | Carnegie stage 15 | Carnegie stage 19 | Carnegie stage 20 | Carnegie stage 22,brain | eye,"[{'brain': None}, {'eye': None}]",True,10.1101/2020.03.06.981423,http://dx.doi.org/10.1101/2020.03.06.981423,Single-Cell Atlas of Early Human Brain Development Highlights Heterogeneity of Human Neuroepithelial Cells and Early Radial Glia,normal,Single-cell atlas of early human brain development highlights heterogeneity of human neuroepithelial cells and early radial glia.,https://doi.org/10.1038/s41593-020-00794-1
65,2b38025d-a5ea-4c0f-b22e-367824bcaf4c,Mapping the temporal and spatial dynamics of the human endometrium in vivo and in vitro,humanEndometriumDynamics,female,human adult stage,uterus,[{'uterus': None}],True,10.1101/2021.01.02.425073,http://dx.doi.org/10.1101/2021.01.02.425073,Mapping the temporal and spatial dynamics of the human endometrium in vivo and in vitro,normal,Mapping the temporal and spatial dynamics of the human endometrium in vivo and in vitro,
66,53c53cd4-8127-4e12-bc7f-8fe1610a715c,A Cellular Anatomy of the Normal Adult Human Prostate and Prostatic Urethra,ProstateCellAtlas,male,human adult stage,prostate gland,[{'prostate gland': 108701}],True,10.1016/j.celrep.2018.11.086,http://dx.doi.org/10.1016/j.celrep.2018.11.086,A Cellular Anatomy of the Normal Adult Human Prostate and Prostatic Urethra,normal,A Cellular Anatomy of the Normal Adult Human Prostate and Prostatic Urethra,https://www.cell.com/cell-reports/fulltext/S2211-1247(18)31877-1?_returnURL=https%3A%2F%2Flinkinghub.elsevier.com%2Fretrieve%2Fpii%2FS2211124718318771%3Fshowall%3Dtrue
67,8787c238-89ef-4636-a57d-3167e8b54a80,Comparison of manual and two types of bioprinted kidney organoids by single cell RNA-seq.,KidneyOrganoidsBioprinting,male,human adult stage,kidney,[{'kidney': None}],False,10.1681/asn.2020101407,http://dx.doi.org/10.1681/asn.2020101407,Targeted Single-Cell RNA-seq Identifies Minority Cell Types of Kidney Distal Nephron,normal,Cellular extrusion bioprinting improves kidney organoid reproducibility and conformation.,https://www.nature.com/articles/s41563-020-00853-9
68,65858543-530d-48a6-a670-f972b34dfe10,Single cell RNA-sequencing on healthy and IPF lung mesenchymal cells.,healthyIPFLungMesenchymalCells,unknown,human adult stage,lung,[{'lung': None}],False,10.1164/ajrccm-conference.2019.199.1_meetingabstracts.a5394,http://dx.doi.org/10.1164/ajrccm-conference.2019.199.1_meetingabstracts.a5394,Single Cell Transcriptome Sequencing Identifies Pathogenic IPF Mesenchymal Progenitor Cells,idiopathic pulmonary fibrosis | normal,Categorization of lung mesenchymal cells in development and fibrosis.,https://www.ncbi.nlm.nih.gov/pmc/articles/PMC8188567/
69,962bd805-eb89-4c54-bad2-008e497d1307,Single-cell analysis reveals congruence between kidney organoids and human fetal kidney,SC_analysis_kidney_organoids_fetal_kidney,female,12th week post-fertilization human stage,kidney,[{'kidney': None}],True,10.1186/s13073-019-0615-0,http://dx.doi.org/10.1186/s13073-019-0615-0,Single-cell analysis reveals congruence between kidney organoids and human fetal kidney,normal,Evaluation of variability in human kidney organoids,https://www.ncbi.nlm.nih.gov/pmc/articles/PMC6634992/
70,c893cb57-5c9f-4f26-9312-21b85be84313,Colonic single epithelial cell census reveals goblet cell drivers of barrier breakdown in inflammatory bowel disease.,EpithelialDiversityHealthInflammation,unknown,human adult stage,digestive system,[{'digestive system': 72000}],False,10.1038/s41586-019-0992-y,http://dx.doi.org/10.1038/s41586-019-0992-y,Colonic epithelial cell diversity in health and inflammatory bowel disease,normal | ulcerative colitis (disease),Colonic epithelial cell diversity in health and inflammatory bowel disease.,https://www.nature.com/articles/s41586-019-0992-y
71,6c040a93-8cf8-4fd5-98de-2297eb07e9f6,Characterization of the transcriptional landscape of human developing hippocampus,hippocampus_development,female | male,16th week post-fertilization human stage | 18th week post-fertilization human stage | 20th week post-fertilization human stage | 22nd week post-fertilization human stage | 25th week post-fertilization human stage | 27th week post-fertilization human stage,brain,[{'brain': 33098}],False,10.18632/oncotarget.15837,http://dx.doi.org/10.18632/oncotarget.15837,Transcriptional landscape of human cancers,normal,Decoding the development of the human hippocampus.,https://www.nature.com/articles/s41586-019-1917-5
72,a9c022b4-c771-4468-b769-cabcf9738de3,"Comparison, calibration, and benchmarking of high-throughput single cell RNA-Seq techniques for unbiased cell-type classification","Drop-seq, DroNc-seq, Fluidigm C1 Comparison",female,human adult stage,heart | stem cell,"[{'heart': None}, {'stem cell': None}]",False,10.1101/2020.09.04.283499,http://dx.doi.org/10.1101/2020.09.04.283499,Systematic comparison of high-throughput single-cell RNA-seq methods for immune cell profiling,normal,Systematic Comparison of High-throughput Single-Cell and  Single-Nucleus Transcriptomes during Cardiomyocyte Differentiation,https://www.nature.com/articles/s41598-020-58327-6
73,091cf39b-01bc-42e5-9437-f419a66c8a45,Profiling of CD34+ cells from human bone marrow to understand hematopoiesis,HumanHematopoieticProfiling,female | male,human adult stage,hematopoietic system,[{'hematopoietic system': 1480000}],False,10.17504/protocols.io.bvswn6fe,http://dx.doi.org/10.17504/protocols.io.bvswn6fe,CD34+ isolation from human bone marrow v1,normal,Characterization of cell fate probabilities in single-cell data with Palantir,https://www.nature.com/articles/s41587-019-0068-4
74,116965f3-f094-4769-9d28-ae675c1b569c,Single cell profiling of human induced dendritic cells generated by direct reprogramming of embryonic fibroblasts,Reprogrammed_Dendritic_Cells,unknown,Carnegie stage 18,embryo | embryo,"[{'embryo': None}, {'embryo': None}]",False,10.1007/978-1-0716-0301-7_18,http://dx.doi.org/10.1007/978-1-0716-0301-7_18,Direct Reprogramming of Mouse Embryonic Fibroblasts to Induced Trophoblast Stem Cells,normal,N/A,N/A
75,41fb1734-a121-4616-95c7-3b732c9433c7,GM-CSF-producing T helper cells: a distinct subset of T helper cells.,TCellsNeuroinflammation,unknown,human adult stage,blood,[{'blood': None}],False,10.1038/cr.2014.155,http://dx.doi.org/10.1038/cr.2014.155,Producing GM-CSF: a unique T helper subset?,normal,N/A,N/A
76,8dacb243-e918-4bd2-bb9a-aac6dc424161,Female human primordial germ cells display X-chromosome dosage compensation despite the absence of X-inactivation [Male],MalePrimordialGermCells,male,fetal stage,testis,[{'testis': 30000}],False,10.1038/s41556-020-00607-4,http://dx.doi.org/10.1038/s41556-020-00607-4,Female human primordial germ cells display X-chromosome dosage compensation despite the absence of X-inactivation,normal,Female human primordial germ cells display X-chromosome dosage compensation despite the absence of X-inactivation.,https://www.nature.com/articles/s41556-020-00607-4
77,ce7b12ba-664f-4f79-8fc7-3de6b1892183,Single-nucleus RNA sequencing of human cortex affected by multiple sclerosis.,MultipleSclerosisLineageDiversity,female | male,human adult stage,brain,[{'brain': 84000}],False,10.1016/j.biopsych.2019.03.704,http://dx.doi.org/10.1016/j.biopsych.2019.03.704,F167. Multiplexed Single-Nucleus RNA Sequencing of Postmortem Human Prefrontal Cortex in Schizophrenia and Bipolar Disorder,multiple sclerosis | normal,Neuronal vulnerability and multilineage diversity in multiple sclerosis.,https://pubmed.ncbi.nlm.nih.gov/31316211/
78,7b947aa2-43a7-4082-afff-222a3e3a4635,Single cell RNA-Seq of E18.5 developing mouse kidney and human kidney organoids,DevelopingMouseKidneyHumanKidneyOrganoids,female,Theiler stage 26 | fetal stage,whole embryos | kidney,"[{'whole embryos': None}, {'kidney': None}]",False,10.1186/s13073-019-0615-0,http://dx.doi.org/10.1186/s13073-019-0615-0,Single-cell analysis reveals congruence between kidney organoids and human fetal kidney,normal,"High throughput single cell RNA-seq of developing mouse kidney and human kidney
organoids reveals a roadmap for recreating the kidney",https://genomemedicine.biomedcentral.com/articles/10.1186/s13073-019-0615-0
79,1cd1f41f-f81a-486b-a05b-66ec60f81dcf,A single-cell survey of the human first-trimester placenta and decidua,HumanFirstTrimesterPlacentaDecidua,female | male | unknown,embryonic human stage | fetal stage | human adult stage,placenta,[{'placenta': 22526}],True,10.1126/sciadv.aau4788,http://dx.doi.org/10.1126/sciadv.aau4788,A single-cell survey of the human first-trimester placenta and decidua,normal,A single-cell survey of the human first-trimester placenta and decidua,https://www.ncbi.nlm.nih.gov/pmc/articles/pmid/30402542/
80,5b5f05b7-2482-468d-b76d-8f68c04a7a47,Integrative computational analysis of the substantia nigra pars compacta and the locus coeruleus,Substantia_nigra_and_locus_coeruleus,female | male,human adult stage,brain,[{'brain': None}],False,10.1007/978-3-540-29678-2_5723,http://dx.doi.org/10.1007/978-3-540-29678-2_5723,"Substantia Nigra, Pars Compacta",Alzheimer disease | alcohol abuse | atherosclerosis | cardiac rhythm disease | cardiac tamponade | cardiomyopathy | cardiovascular disease | cerebral amyloid angiopathy | chronic kidney disease | depressive disorder | dilated cardiomyopathy | hypertensive disorder | normal | pericarditis (disease),Single-cell multi-omic integration compares and contrasts features of brain cell identity,https://www.biorxiv.org/content/10.1101/459891v1
81,56e73ccb-7ae9-4fae-a738-acfb69936d7a,Female human primordial germ cells display X-chromosome dosage compensation despite the absence of X-inactivation [Female],FemalePrimordialGermCells,female,fetal stage,ovary,[{'ovary': 25000}],False,10.1038/s41556-020-00607-4,http://dx.doi.org/10.1038/s41556-020-00607-4,Female human primordial germ cells display X-chromosome dosage compensation despite the absence of X-inactivation,normal,Female human primordial germ cells display X-chromosome dosage compensation despite the absence of X-inactivation.,https://www.nature.com/articles/s41556-020-00607-4
82,f48e7c39-cc67-4055-9d79-bc437892840c,Single-cell RNA-seq of human peripheral blood NKT cells,nktpbmcZhou,unknown,human adult stage,blood,[{'blood': None}],False,10.3389/fcell.2020.00384,http://dx.doi.org/10.3389/fcell.2020.00384,Single-Cell RNA-Seq Analysis Uncovers Distinct Functional Human NKT Cell Sub-Populations in Peripheral Blood,normal,Single-Cell RNA-Seq Analysis Uncovers Distinct Functional Human NKT Cell Sub-Populations in Peripheral Blood.,https://www.frontiersin.org/articles/10.3389/fcell.2020.00384/full
83,ad04c8e7-9b7d-4cce-b8e9-01e31da10b94,Single-cell Transcriptome Analysis Reveals an Anomalous Epithelial Variation and Ectopic Inflammatory Response in Chronic Obstructive Pulmonary Disease,SingleCellTranscriptomeCOPD,female | male,human adult stage,lung,[{'lung': 57485}],False,10.1183/23120541.lsc-2021.36,http://dx.doi.org/10.1183/23120541.lsc-2021.36,Single-cell transcriptome analysis reveals an anomalous epithelial variation and ectopic inflammatory response in COPD,asthma | chronic obstructive pulmonary disease | diabetes mellitus (disease) | myelodysplastic syndrome | myocardial infarction (disease) | normal,Single-cell Transcriptome Analysis Reveals an Anomalous Epithelial Variation and Ectopic Inflammatory Response in Chronic Obstructive Pulmonary Disease,https://www.medrxiv.org/content/10.1101/2020.12.03.20242412v1
84,9d97f01f-9313-416e-9b07-560f048b2350,"Single-cell RNA-sequencing of skin, fresh blood, and cultured peripheral blood mononuclear cells from a patient with drug-induced hypersensitivity syndrome and healthy volunteers",HumanSkinBloodHypSensAndNormalKim,male,human adult stage,blood | skin of body,"[{'blood': 26373}, {'skin of body': 18218}]",False,10.1007/978-1-4939-9240-9_10,http://dx.doi.org/10.1007/978-1-4939-9240-9_10,Single-Cell RNA-Sequencing of Peripheral Blood Mononuclear Cells with ddSEQ,drug hypersensitivity syndrome | normal,Targeted therapy guided by single-cell transcriptomic analysis in drug-induced hypersensitivity syndrome: a case report,https://doi.org/10.1038/s41591-019-0733-7
85,3089d311-f9ed-44dd-bb10-397059bad4dc,Immune landscape of viral- and carcinogen-drived head and neck cancer,HnsccImmuneLandscape,female | male,human adult stage,mouth | blood,"[{'mouth': 62000}, {'blood': 64000}]",False,10.1016/j.immuni.2019.11.014,http://dx.doi.org/10.1016/j.immuni.2019.11.014,Immune Landscape of Viral- and Carcinogen-Driven Head and Neck Cancer,carcinoma of floor of mouth | carcinoma of supraglottis | human papilloma virus infection | laryngeal carcinoma | lower gum cancer | mandibular cancer | normal | oral cavity carcinoma | sleep apnea syndrome | squamous cell carcinoma of buccal mucosa | tongue cancer | tonsil carcinoma,Immune Landscape of Viral- and Carcinogen-Driven Head and Neck Cancer.,https://www.sciencedirect.com/science/article/pii/S1074761319304959
86,da2747fa-2921-42e0-afd4-39ef57b2b88b,Capturing human trophoblast development with naive pluripotent stem cells in vitro,stemCellTrophoblast,female,human adult stage,embryo,[{'embryo': 14164}],False,10.1016/j.stem.2021.03.013,http://dx.doi.org/10.1016/j.stem.2021.03.013,Capturing human trophoblast development with naive pluripotent stem cells in vitro,normal,Capturing human trophoblast development with naive pluripotent stem cells in vitro.,https://pubmed.ncbi.nlm.nih.gov/33831365/
87,0c09fade-e079-4fde-8e60-6725b8c1d84b,Single-cell RNA-seq in monozygotic twins discordant for multiple sclerosis,CsfFromTwinsDiscordantForMultSclerosis,female | male,human adult stage,Immune system,[{'Immune system': 3360}],False,10.1038/nature08990,http://dx.doi.org/10.1038/nature08990,"Genome, epigenome and RNA sequences of monozygotic twins discordant for multiple sclerosis",anti-NMDA receptor encephalitis | autoimmune encephalitis | brain inflammatory disease | normal | relapsing-remitting multiple sclerosis | secondary progressive multiple sclerosis,Early adaptive immune activation detected in monozygotic twins with prodromal multiple sclerosis,https://www.ncbi.nlm.nih.gov/pmc/articles/PMC6819125/
88,8185730f-4113-40d3-9cc3-929271784c2b,A single-cell transcriptome atlas of the adult human retina,WongAdultRetina,female | male,human adult stage,eye,[{'eye': 44000}],False,10.15252/embj.2018100811,http://dx.doi.org/10.15252/embj.2018100811,A single‐cell transcriptome atlas of the adult human retina,cataract (disease) | normal,A single‐cell transcriptome atlas of the adult human retina,https://www.ncbi.nlm.nih.gov/pubmed/31436334
89,2a64db43-1b55-4639-aabb-8dba0145689d,Direct exposure to SARS-CoV-2 and cigarette smoke increases infection severity and alters the stem cell-derived airway repair response,gompertsLungSarsCov2,unknown,human adult stage,lung,[{'lung': 19360}],True,10.1016/j.stem.2020.11.010,http://dx.doi.org/10.1016/j.stem.2020.11.010,Direct Exposure to SARS-CoV-2 and Cigarette Smoke Increases Infection Severity and Alters the Stem Cell-Derived Airway Repair Response,normal,Direct Exposure to SARS-CoV-2 and Cigarette Smoke Increases Infection Severity and Alters the Stem Cell-Derived Airway Repair Response,https://www.ncbi.nlm.nih.gov/pmc/articles/PMC7670932/
90,63b5b6c1-bbcd-487d-8c2e-0095150c1ecd,Molecular transitions in early progenitors during human cord blood hematopoiesis,CordBloodHematopoieticStemCells,female,human adult stage,umbilical cord,[{'umbilical cord': 20000}],True,10.15252/msb.20178041,http://dx.doi.org/10.15252/msb.20178041,Molecular transitions in early progenitors during human cord blood hematopoiesis,normal,Molecular transitions in early progenitors during human cord blood hematopoiesis,https://www.ncbi.nlm.nih.gov/pubmed/29545397
91,005d611a-14d5-4fbf-846e-571a1f874f70,Assessing the relevance of organoids to model inter-individual variation,HPSI human cerebral organoids,female | male,human adult stage,brain,[{'brain': 19916}],False,10.1080/10807039.2021.1915746,http://dx.doi.org/10.1080/10807039.2021.1915746,Human biokinetic model for soluble nickel addressing inter-individual variation,normal,N/A,N/A
92,d7b7beae-652b-4fc0-9bf2-bcda7c7115af,Single Cell RNAseq of primary pulmonary endothelial cells.,LungEndothelialCells,unknown,human adult stage,lung,[{'lung': 70000}],False,10.1007/978-1-0716-1581-2_5,http://dx.doi.org/10.1007/978-1-0716-1581-2_5,Single-Cell RNAseq Analysis of lncRNAs,normal,Integrated Single-Cell Atlas of Endothelial Cells of the Human Lung.,https://www.ahajournals.org/doi/10.1161/CIRCULATIONAHA.120.052318
93,a9301beb-e9fa-42fe-b75c-84e8a460c733,A human cell atlas of fetal gene expression.,dcp6600438190759903,female | male,11th week post-fertilization human stage | 13th week post-fertilization human stage | 14th week post-fertilization human stage | 15th week post-fertilization human stage | 16th week post-fertilization human stage | 17th week post-fertilization human stage | 18th week post-fertilization human stage | 19th week post-fertilization human stage,adrenal gland | thymus | lung | heart | placenta | eye | stomach | intestine | brain | kidney | muscle tissue | spleen | pancreas | liver,"[{'adrenal gland': 489646}, {'thymus': 12611}, {'lung': 298355}, {'heart': 153132}, {'placenta': 38384}, {'eye': 72241}, {'stomach': 14955}, {'intestine': 59470}, {'brain': 3377522}, {'kidney': 178603}, {'muscle tissue': 47537}, {'spleen': 24104}, {'pancreas': 63291}, {'liver': 149742}]",True,10.1126/science.aba7721,http://dx.doi.org/10.1126/science.aba7721,A human cell atlas of fetal gene expression,normal,A human cell atlas of fetal gene expression.,https://science.sciencemag.org/content/370/6518/eaba7721
94,95f07e6e-6a73-4e1b-a880-c83996b3aa5c,Immunophenotyping of COVID-19 and influenza highlights the role of type I interferons in development of severe COVID-19,pbmcCov19Flu,female | male,human adult stage,blood,[{'blood': None}],True,10.1126/sciimmunol.abd1554,http://dx.doi.org/10.1126/sciimmunol.abd1554,Immunophenotyping of COVID-19 and influenza highlights the role of type I interferons in development of severe COVID-19,COVID-19 | influenza | normal,Immunophenotyping of COVID-19 and influenza highlights the role of type I interferons in development of severe COVID-19.,https://immunology.sciencemag.org/content/5/49/eabd1554
95,daf9d982-7ce6-43f6-ab51-272577290606,Single-Cell Transcriptomic Analysis of Human Lung Provides Insights into the Pathobiology of Pulmonary Fibrosis.,pulmonaryFibrosisPathobiology,female | male,adult | human adult stage,lung,[{'lung': None}],True,10.1164/rccm.201712-2410oc,http://dx.doi.org/10.1164/rccm.201712-2410oc,Single-Cell Transcriptomic Analysis of Human Lung Provides Insights into the Pathobiology of Pulmonary Fibrosis,hypersensitivity pneumonitis | idiopathic pulmonary fibrosis | interstitial lung disease | normal | polymyositis | systemic sclerosis,Single-Cell Transcriptomic Analysis of Human Lung Provides Insights into the Pathobiology of Pulmonary Fibrosis.,https://doi.org/10.1164/rccm.201712-2410oc
96,a991ef15-4d4a-4b80-a93e-c538b4b54127,Using single-nucleus RNA-sequencing to interrogate transcriptomic profiles of archived human pancreatic islets,transplantedHumanIsletsNuclei,unknown,human adult stage,pancreas,[{'pancreas': 10000}],True,10.1186/s13073-021-00941-8,http://dx.doi.org/10.1186/s13073-021-00941-8,Using single-nucleus RNA-sequencing to interrogate transcriptomic profiles of archived human pancreatic islets,normal,Using single-nucleus RNA-sequencing to interrogate transcriptomic profiles of archived human pancreatic islets.,https://www.ncbi.nlm.nih.gov/pmc/articles/PMC8356387/
97,1c6a960d-52ac-44ea-b728-a59c7ab9dc8e,"Massively parallel single-cell RNA-seq analysis of 26,677 pancreatic islets cells from both healthy and type II diabetic (T2D) donors.",HealthyAndDiabeticPancreas,female | male,human adult stage,pancreas,[{'pancreas': 39905}],False,10.1038/nmeth.4407,http://dx.doi.org/10.1038/nmeth.4407,Massively parallel single-nucleus RNA-seq with DroNc-seq,normal | type 2 diabetes mellitus,Single-Cell Heterogeneity Analysis and CRISPR Screen Identify Key β-Cell-Specific Disease Genes.,https://www.ncbi.nlm.nih.gov/pmc/articles/PMC6573026/
98,3cfcdff5-dee1-4a7b-a591-c09c6e850b11,The Immune Atlas of Human Deciduas With Unexplained Recurrent Pregnancy Loss,deciduaPregnancyLoss,unknown,embryonic human stage,decidua,[{'decidua': 14000}],True,10.3389/fimmu.2021.689019,http://dx.doi.org/10.3389/fimmu.2021.689019,The Immune Atlas of Human Deciduas With Unexplained Recurrent Pregnancy Loss,normal,The Immune Atlas of Human Deciduas With Unexplained Recurrent Pregnancy Loss,https://www.frontiersin.org/articles/10.3389/fimmu.2021.689019/full#h1
99,71eb5f6d-cee0-4297-b503-b1125909b8c7,Single-cell transcriptome profiling of the vaginal wall in women with severe anterior vaginal prolapse,POPVaginalWallAtlas,female,human adult stage,vagina,[{'vagina': 105000}],True,10.1038/s41467-020-20358-y,http://dx.doi.org/10.1038/s41467-020-20358-y,Single-cell transcriptome profiling of the vaginal wall in women with severe anterior vaginal prolapse,diabetes mellitus (disease) | hypertensive disorder | normal | pelvic organ prolapse,Single-cell transcriptome profiling of the vaginal wall in women with severe anterior vaginal prolapse.,https://www.nature.com/articles/s41467-020-20358-y
100,4af795f7-3e1d-4341-b867-4ac0982b9efd,Single-Cell RNA-Seq Analysis of cells from human urine,humanUrineCells,unknown,human adult stage,renal system,[{'renal system': None}],False,10.1007/s13238-020-00816-5,http://dx.doi.org/10.1007/s13238-020-00816-5,Single-cell RNA-Seq analysis identified kidney progenitor cells from human urine,normal,N/A,N/A
101,07073c12-8006-4710-a00b-23abdb814904,Single-cell Transcriptome Analysis Reveals Dynamic Cell Populations and Differential Gene Expression Patterns in Control and Aneurysmal Human Aortic Tissue.,AneurysmalHumanAorticTissue,female | male,human adult stage,blood vessel,[{'blood vessel': None}],True,10.1161/circulationaha.120.046528,http://dx.doi.org/10.1161/circulationaha.120.046528,Single-Cell Transcriptome Analysis Reveals Dynamic Cell Populations and Differential Gene Expression Patterns in Control and Aneurysmal Human Aortic Tissue,chronic obstructive pulmonary disease | diabetes mellitus (disease) | horacic aortic aneurysm | normal | thoracic aortic aneurysm,Single-Cell Transcriptome Analysis Reveals Dynamic Cell Populations and Differential Gene Expression Patterns in Control and Aneurysmal Human Aortic Tissue.,https://doi.org/10.1161/circulationaha.120.046528
102,42d4f8d4-5422-4b78-adae-e7c3c2ef511c,Identification of a mesenchymal progenitor cell hierarchy in adipose tissue (scRNA-seq),HumanAdiposeTissue,female | male | mixed,adult | human adult stage | infant,adipose tissue,[{'adipose tissue': None}],False,10.1126/science.aav2501,http://dx.doi.org/10.1126/science.aav2501,Identification of a mesenchymal progenitor cell hierarchy in adipose tissue,normal,Identification of a mesenchymal progenitor cell hierarchy in adipose tissue.,https://science.sciencemag.org/content/364/6438/eaav2501
103,24c654a5-caa5-440a-8f02-582921f2db4a,Single-cell transcriptomics uncovers human corneal limbal stem cells and their differentiation trajectory.,HumanCorneaStemCells,unknown,human adult stage,eye,[{'eye': None}],False,10.1016/j.jtos.2020.12.004,http://dx.doi.org/10.1016/j.jtos.2020.12.004,Single-cell transcriptomics identifies limbal stem cell population and cell types mapping its differentiation trajectory in limbal basal epithelium of human cornea,normal,Single-cell transcriptomics identifies limbal stem cell population and cell types mapping its differentiation trajectory in limbal basal epithelium of human cornea.,https://www.sciencedirect.com/science/article/abs/pii/S1542012420301877?via%3Dihub
104,68df3629-d2d2-4eed-b0ab-a10e0f019b88,Single-cell RNA sequencing of human femoral head in vivo,femoralHeadScRnaSeq,female | male,human adult stage,bone tissue,[{'bone tissue': None}],True,10.18632/aging.203124,http://dx.doi.org/10.18632/aging.203124,Single-cell RNA sequencing of human femoral head in vivo,normal | osteoarthritis | osteoporosis,Single-cell RNA sequencing of human femoral head,https://www.ncbi.nlm.nih.gov/pmc/articles/PMC8221309/
105,71436067-ac41-4ace-be1b-2fbcc2cb02fa,Single Cell RNA-Seq profiling human embryonic kidney cortex cells,CorticalNephrogenicNicheKidney,unknown,fetal stage,kidney,[{'kidney': 4000}],False,10.1038/nsmb.2660,http://dx.doi.org/10.1038/nsmb.2660,Single-cell RNA-Seq profiling of human preimplantation embryos and embryonic stem cells,normal,Conserved and Divergent Features of Mesenchymal Progenitor Cell Types within the Cortical Nephrogenic Niche of the Human and Mouse Kidney,https://jasn.asnjournals.org/content/29/3/806
106,16ed4ad8-7319-46b2-8859-6fe1c1d73a82,Comparative analysis of kidney organoid and adult human kidney single cell and single nucleus transcriptomes,GSE118184KidneyOrganoid,male,human adult stage,kidney,[{'kidney': 123408}],True,10.1101/232561,http://dx.doi.org/10.1101/232561,Comparative analysis of kidney organoid and adult human kidney single cell and single nucleus transcriptomes,normal,Comparative Analysis and Refinement of Human PSC-Derived Kidney Organoid Differentiation with Single-Cell Transcriptomics.,https://pubmed.ncbi.nlm.nih.gov/30449713/
107,31887183-a72c-4308-9eac-c6140313f39c,Single-nucleus cross-tissue molecular reference maps to decipher disease gene function.,CrossTissueReferenceMap,female | male,human adult stage,skin of body | esophagus | prostate gland | lung | heart | skeletal muscle organ | breast,"[{'skin of body': None}, {'esophagus': None}, {'prostate gland': None}, {'lung': None}, {'heart': None}, {'skeletal muscle organ': None}, {'breast': None}]",True,10.1101/2021.07.19.452954,http://dx.doi.org/10.1101/2021.07.19.452954,Single-nucleus cross-tissue molecular reference maps to decipher disease gene function,normal,Single-nucleus cross-tissue molecular reference maps to decipher disease gene function,https://www.biorxiv.org/content/10.1101/2021.07.19.452954v1
108,783c9952-a4ae-4106-a6ce-56f20ce27f88,Defining human mesenchymal and epithelial heterogeneity in response to oral inflammatory disease,HumanGumsNormalandDiseased,female | male,human adult stage,mouth,[{'mouth': None}],True,10.1101/2020.09.02.279406,http://dx.doi.org/10.1101/2020.09.02.279406,Defining human mesenchymal and epithelial heterogeneity in response to oral inflammatory disease,chronic periodontitis | normal,Defining human mesenchymal and epithelial heterogeneity in response to oral inflammatory disease.,https://www.ncbi.nlm.nih.gov/pmc/articles/PMC7781605/
109,dc1a41f6-9e09-42a6-959e-3be23db6da56,Nuclei multiplexing with barcoded antibodies for single-nucleus genomics.,NucleiMultiplexHashing,female | male,human adult stage | post-juvenile adult stage,brain,[{'brain': 161000}],True,10.1101/476036,http://dx.doi.org/10.1101/476036,Nuclei multiplexing with barcoded antibodies for single-nucleus genomics,N/A,Nuclei multiplexing with barcoded antibodies for single-nucleus genomics.,https://doi.org/10.1038/s41467-019-10756-2
110,38449aea-70b5-40db-84b3-1e08f32efe34,Altered human oligodendrocyte heterogeneity in multiple sclerosis,Oligodendrocyte_MS,female | male,human adult stage,brain,[{'brain': 21933}],True,10.1038/s41586-019-0903-2,http://dx.doi.org/10.1038/s41586-019-0903-2,Altered human oligodendrocyte heterogeneity in multiple sclerosis,bacterial infectious disease with sepsis | bronchopneumonia | heart failure | intestinal obstruction | multiple sclerosis | normal | ovarian cancer | rheumatoid arthritis | tongue squamous cell carcinoma,Altered human oligodendrocyte heterogeneity in multiple sclerosis,https://www.nature.com/articles/s41586-019-0903-2
111,ef1e3497-515e-4bbe-8d4c-10161854b699,A Single-Cell Atlas of the Human Healthy Airways.,healthyAirwaysAtlas,female | male,human adult stage,bronchus | nose | trachea,"[{'bronchus': 95000}, {'nose': 35000}, {'trachea': 45000}]",True,10.1164/rccm.201911-2199oc,http://dx.doi.org/10.1164/rccm.201911-2199oc,A Single-Cell Atlas of the Human Healthy Airways,normal,A Single-Cell Atlas of the Human Healthy Airways.,https://doi.org/10.1164/rccm.201911-2199oc
112,51f02950-ee25-4f4b-8d07-59aa99bb3498,Single-cell transcriptomes of the aging human skin reveal loss of fibroblast priming,scAgingHumanMaleSkin,male,adult,skin of body,[{'skin of body': 15457}],True,10.1101/633131,http://dx.doi.org/10.1101/633131,Single-cell transcriptomes of the aging human skin reveal loss of fibroblast priming,normal,Single-cell transcriptomes of the human skin reveal age-related loss of fibroblast priming.,https://www.nature.com/articles/s42003-020-0922-4
113,414acced-eba0-440f-b721-befbc5642bef,Single-cell RNA sequencing of human nasal swab from healthy donors,scRNACovidNasalSwab,male,human adult stage,nose,[{'nose': None}],False,10.1182/blood-2019-123249,http://dx.doi.org/10.1182/blood-2019-123249,Single-Cell RNA Sequencing of Healthy Human Marrow Hematopoietic Cells,normal,Nasal ciliated cells are primary targets for SARS-CoV-2 replication in early stage of COVID-19.,https://pubmed.ncbi.nlm.nih.gov/34003804/
114,379ed69e-be05-48bc-af5e-a7fc589709bf,Single-cell transcriptomic atlas of the human endometrium during the menstrual cycle,GSE111976-endometrium_MC,female,human adult stage,endometrium,[{'endometrium': 2148}],True,10.1038/s41591-020-1040-z,http://dx.doi.org/10.1038/s41591-020-1040-z,Single-cell transcriptomic atlas of the human endometrium during the menstrual cycle,normal,Single-cell transcriptomic atlas of the human endometrium during the menstrual cycle.,https://doi.org/10.1038/s41591-020-1040-z
115,3c27d2dd-b180-4b2b-bf05-e2e418393fd1,"Single-cell transcriptomics of normal pancreas, intraductal papillary mucinous neoplasm, and pancreatic adenosquamous carcinoma reveals the heterogeneous progression of pancreatic ductal and stromal cells",HumanPancreasNormalandDiseased,male,human adult stage,pancreas,[{'pancreas': 9887}],False,10.5833/jjgs.44.57,http://dx.doi.org/10.5833/jjgs.44.57,A Case of Pancreatic Adenosquamous Carcinoma arising from Intraductal Papillary Mucinous Neoplasm,normal | pancreatic adenosquamous carcinoma | pancreatic intraductal papillary-mucinous neoplasm,Single-cell transcriptomics reveals heterogeneous progression and EGFR activation in pancreatic adenosquamous carcinoma.,https://www.ncbi.nlm.nih.gov/pmc/articles/PMC8315026/
116,7ac8822c-4ef0-4194-adf0-74290611b1c6,COVID-19 severity correlates with airway epithelium-immune cell interactions identified by single-cell analysis.,COVID-19AirwayEpitheliumImmune,female | male | unknown,human adult stage,lung,[{'lung': None}],False,10.1038/s41587-020-0602-4,http://dx.doi.org/10.1038/s41587-020-0602-4,COVID-19 severity correlates with airway epithelium–immune cell interactions identified by single-cell analysis,COVID-19 | normal,COVID-19 severity correlates with airway epithelium-immune cell interactions identified by single-cell analysis.,https://doi.org/10.1038/s41587-020-0602-4
117,b963bd4b-4bc1-4404-8425-69d74bc636b8,The cellular immune response to COVID-19 deciphered by single cell multi-omics across three UK centres,Covid19PBMC,female | male | unknown,human adult stage,blood,[{'blood': 800000}],True,10.1101/2021.01.13.21249725,http://dx.doi.org/10.1101/2021.01.13.21249725,The cellular immune response to COVID-19 deciphered by single cell multi-omics across three UK centres,asymptomatic COVID-19 infection | critical COVID-19 infection | mild COVID-19 infection | moderate COVID-19 infection | normal | severe COVID-19 infection,Single-cell multi-omics analysis of the immune response in COVID-19,https://www.nature.com/articles/s41591-021-01329-2
118,58028aa8-0ed2-49ca-b60f-15e2ed5989d5,SARS‐CoV‐2 receptor ACE2 and TMPRSS2 are primarily expressed in bronchial transient secretory cells,SARS_COV_2_receptorsBronchial,female | male,human adult stage,lung,[{'lung': 57229}],False,10.15252/embj.2020105114,http://dx.doi.org/10.15252/embj.2020105114,SARS-CoV-2 receptor ACE2 and TMPRSS2 are primarily expressed in bronchial transient secretory cells,lung adenocarcinoma | normal,SARS‐CoV‐2 receptor ACE2 and TMPRSS2 are primarily expressed in bronchial transient secretory cells,https://doi.org/10.15252/embj.20105114
119,769a08d1-b8a4-4f1e-95f7-6071a9827555,Hypertension delays viral clearance and exacerbates airway hyperinflammation in patients with COVID-19,CovidHypertension,female | male,human adult stage,lung,[{'lung': None}],True,10.1038/s41587-020-00796-1,http://dx.doi.org/10.1038/s41587-020-00796-1,Hypertension delays viral clearance and exacerbates airway hyperinflammation in patients with COVID-19,COVID-19 | cardiovascular disease | hypertensive disorder | normal,Hypertension delays viral clearance and exacerbates airway hyperinflammation in patients with COVID-19,https://doi.org/10.1038/s41587-020-00796-1
120,c5f46615-68de-4cf4-bbc2-a0ae10f08243,Developmental cell programs are co-opted in inflammatory skin disease.,DevelopmentalCellProgramsSkin,female | male,human adult stage,skin of body,[{'skin of body': None}],True,10.1126/science.aba6500,http://dx.doi.org/10.1126/science.aba6500,Developmental cell programs are co-opted in inflammatory skin disease,atopic eczema | normal | psoriasis,Developmental cell programs are co-opted in inflammatory skin disease.,https://science.sciencemag.org/content/371/6527/eaba6500
121,df88f39f-01a8-4b5b-92f4-3177d6c0f242,Molecular and functional heterogeneity of IL-10-producing CD4+ T cells.,HeterogeneityCD4TCells,unknown,human adult stage,blood,[{'blood': None}],True,10.1038/s41467-018-07581-4,http://dx.doi.org/10.1038/s41467-018-07581-4,Molecular and functional heterogeneity of IL-10-producing CD4+ T cells,normal,Molecular and functional heterogeneity of IL-10-producing CD4+ T Cells.,https://www.nature.com/articles/s41467-018-07581-4
122,2f676143-80c2-4bc6-b7b4-2613fe0fadf0,Integrative analysis of cell state changes in lung fibrosis with peripheral protein biomarkers,lungFibrosisProteinSignatures,female | male,human adult stage,lung,[{'lung': None}],True,10.15252/emmm.202012871,http://dx.doi.org/10.15252/emmm.202012871,Integrative analysis of cell state changes in lung fibrosis with peripheral protein biomarkers,extrinsic allergic alveolitis | idiopathic pulmonary fibrosis | normal,Integrative analysis of cell state changes in lung fibrosis with peripheral protein biomarkers,https://doi.org/10.15252/emmm.202012871
